对象,pattern,观点词,个数
油头,控油 效果-,好,1.0
购买,了 真的-,好,1.0
头发,一点-,不顺,1.0
头发,后 喜欢 这种-,干爽,1.0
追评,客服 服务态度 特别-,好,1.0
净屑,舒缓 的 还是 轻盈 控油 的 都 非常-,好,1.0
商品,气味 味道 好-,香,1.0
头发,比较-,软,1.0
洗发水,不仅 能-,有效,1.0
控油,效果 还是 很-,不错,1.0
头发,确实 很-,蓬松,2.0
不用,承受 满头 雪花 的-,痛苦,1.0
洗感,真的-,很棒,1.0
刷到,的 都 是 说-,容易,1.0
头发,也 不会 那么-,快,1.0
顺滑,用 洗完 头发+,好,1.0
物流,很-,顺畅,1.0
味道,轻盈+,蓬松,1.0
头发,油 的-,快,1.0
追评,清洁力 很-,强,1.0
头发,变得-,柔顺,5.0
去屑,的 效果 很-,不错,1.0
洗发水,让 我 告别 了 头发 油腻 的-,烦恼,1.0
吹干,后 头发 巨-,蓬松,1.0
体验,更加-,愉悦,1.0
客服,人员 也 很-,耐心,1.0
泡沫,的+,好,1.0
东西,还-,不错,2.0
闻到,了 很 香 很-,香,1.0
推荐,她 说-,挺好用,1.0
洗完,之后 很-,柔顺,1.0
祛油,能力 很-,强,1.0
妹子,来说 比较-,友好,1.0
吹干,后 头发-,柔顺,1.0
洗完,后 头发 有 很-,香,1.0
清洗,的 也 很-,干净,2.0
效果,真心-,不错,6.0
洗头,三天 没+,连续,1.0
头顶,发缝 成功-,秃,1.0
头发,都 觉得-,惊讶,1.0
洗起来,很-,不错,1.0
头发,感觉 也 很-,不错,1.0
去屑,效果 特别-,好,1.0
感觉,真的 太棒了 每 差 一步 都 是-,惊喜,1.0
味道,也 是 真的 很-,香,1.0
头发,感觉 好-,蓬松,1.0
洗发水,用 的 效果 非常-,好,1.0
控油,的 洗发水 特别-,好,1.0
追评,香味 很-,重,1.0
控油,效果 也 还-,不错,1.0
心情,的 让 人+,清新,1.0
控油,洗发水 很-,好,1.0
头发,以前 发质 很-,好,1.0
控油,洗完 头发 很-,清爽,1.0
头发,养护 的-,很好,1.0
追评,这款 洗发水 真的 令 我 感到-,惊喜,1.0
效果,蓬松+,确实,1.0
平价,用 着 不-,心疼,1.0
护发素,非常-,好,1.0
洗完,之后 头发 真的 很-,蓬松,1.0
洗发水,红书 入手 的+,小,1.0
油头,特别 特别-,友好,1.0
姐妹,干枯 毛躁 的+,容易,1.0
发膜,也 用 了 很-,不错,1.0
洗发水,还是 挺-,好,1.0
头发,控油-,蓬松,1.0
头皮屑,就-,少,1.0
洗发水,的 泡沫 细腻-,丰富,1.0
感觉,非常-,不错,2.0
洗发水,来说 控油 的 效果 还是-,不错,1.0
洗完,头 之后 也 很-,舒服,1.0
洗发水,朋友 给 我 推荐 了 这款+,幸好,2.0
发质,那种+,毛躁,1.0
气味,这 款 洗发水 真的 很-,不错,1.0
力度,还是 不错 的 不至于 洗完-,黏腻,1.0
头发,洗 后 很-,蓬松,1.0
控油,和 蓬松 的 都-,不错,1.0
销量,高 的 产品质量 都 比较-,差,1.0
留香,也-,不错,1.0
头发,柔顺-,蓬松,3.0
用过,最差-,最差,1.0
洗完,之后 头发 又 顺 又-,香,1.0
产品,真心-,不错,1.0
广告,做 点+,少,1.0
去屑,效果-,好,5.0
洗发水,家里+,正好,1.0
吹干,巨-,蓬松,1.0
头发,掉 得-,好,1.0
洗完,感觉 头皮-,很痒,1.0
追评,这款 洗发水 特别-,好,1.0
油腻,不+,柔软,2.0
头发,不会-,很滑,1.0
去屑,和 控油 两组 搭配 挺-,好,1.0
气味,挺-,香,4.0
商品,气味 味道 比较-,淡,1.0
发丝,头皮 和+,清洁,2.0
体验,的 使用+,愉悦,1.0
洗完,的 头发 挺-,清爽,1.0
头发,非常 的-,柔顺,1.0
控油,效果-,很好,1.0
头皮,感觉 很-,舒服,3.0
洗发水,洗 过 以后-,确实,1.0
价格,也 不算 很-,低,1.0
产品质量,和 味道 都 非常-,好,1.0
追评,从来 没用过 这么-,差,1.0
控油,效果 让 我 每天 都 能 保持 头发 的-,清爽,1.0
洗头,真的 很-,蓬松,1.0
头皮屑,已经-,明显,1.0
发膜,也 特别-,好,1.0
整体,还-,不错,1.0
泡沫,丰富-,细腻,11.0
头皮,也 变得 蓬松-,清爽,1.0
泡沫,出+,容易,2.0
头发,就-,奇痒,1.0
头皮,感觉 非常-,舒适,5.0
关键,洗完 真的 很-,蓬松,1.0
追评,不 知道 这个 销量 为什么 这么-,高,1.0
大瓶,买 了 2+,直接,1.0
香味,还 可以 坚持 很-,久,1.0
回购,就 买 了 两大瓶 去屑 加-,柔顺,1.0
洗起来,特别-,舒服,2.0
气味,也 很-,清新,1.0
感觉,洗 了-,确实,1.0
感觉,没 怎么 洗-,干净,1.0
大油头,的 救星 对 油头 真的 太-,友好,1.0
喜欢,很+,浓郁,1.0
营销,做 的-,不错,1.0
整体,使用 感觉-,很棒,1.0
洗发水,要-,蓬松,2.0
洗发露,非常-,好,2.0
头发,瞬间 清爽-,蓬松,1.0
去屑,效果 非常-,好,1.0
头发,变得-,蓬松,1.0
价格,能 买到 这么-,好,2.0
头发,很-,轻,1.0
洗发,的 配方 让+,温和,1.0
洗发水,的+,平常,1.0
头皮,平衡+,有效,1.0
光泽度,非常 的-,好,1.0
味道,感觉 还-,不错,1.0
店家,发货 非常-,快,1.0
头发,发质 已经-,差,1.0
产品,功效-,明显,1.0
推荐,用+,好,2.0
朋友,推荐 的 很-,不错,1.0
头发,蓬松 柔顺 不-,干燥,1.0
控油,效果 都 没有 这个-,好,1.0
希望,可以-,好,1.0
头皮,也 感觉 洗-,干净,1.0
洗发水,对 大油头 很-,友好,1.0
商品,气味 味道-,好,2.0
商品,用 起来 非常-,好,1.0
效果,也-,明显,1.0
产品质量,包装 很-,好,2.0
洗发水,泡沫 很-,丰富,1.0
洗完,头发 也-,扁,1.0
洗发,体验 更加 舒适-,愉悦,1.0
控油,很-,清爽,1.0
物品,使用 的 效果-,不错,1.0
味道,很-,好,12.0
喜欢,这 款 洗发水 的 泡沫 很-,丰富,1.0
感觉,头发 真的 挺-,蓬松,1.0
洗发,非常 清爽-,舒适,1.0
头发,很-,柔软,3.0
服务态度,很 好 物流-,快,1.0
好闻,洗完 之后 头发 也 炒 鸡 的-,蓬松,1.0
头发,一直 以来 都 容易 头油 头-,痒,1.0
头皮,非常-,清爽,1.0
头发,掉 的-,巨,1.0
起泡,就+,容易,1.0
洗发水,一瓶+,很大,1.0
洗发水,的+,香,2.0
洗完,头 很-,干爽,1.0
留香,时间-,长,2.0
洗发水,的+,温和,1.0
出油,不 像 以前 那么 容易+,明显,1.0
质地,很-,好,3.0
洗发水,真的 非常-,好,1.0
头发,是-,蓬松,1.0
头发,发质 是 那种-,细软,1.0
头发,很-,容易,5.0
气味,味道 好-,香,1.0
洗发水,控 油性 蛮-,好,1.0
去屑,效果-,不错,5.0
商品,包装-,完好,1.0
头发,过度-,干燥,1.0
成分,很-,好,1.0
变得,更加-,清爽,4.0
头皮屑,很-,严重,1.0
味道,很 好闻 也 洗 的 很-,干净,1.0
洗发水,姐妹 来 我家 使用 这个+,好,1.0
质感,很-,好,1.0
快递,纸盒子 里边-,直接,1.0
头发,的 控油 效果-,明显,1.0
态度,也 很-,好,1.0
味道,也 香 而-,不腻,1.0
头发,比较 柔顺-,易,1.0
效果,都-,不错,2.0
有用,的 洗发水 比做 什么 护理 都+,好,1.0
香味,香 的+,好,1.0
实体店,一样-,好,1.0
洗发水,的+,舒爽,3.0
头屑,长+,容易,1.0
头发,是-,细软,3.0
泡沫,丰富-,易,2.0
洗感,非常-,舒适,1.0
头发,清爽-,柔顺,1.0
头发,油 的 比 以前 更-,快,1.0
连发,膜 都 不用-,直接,1.0
味道,也-,不腻,1.0
洗发水,款用 起来 头发 很-,蓬松,1.0
颜值,很-,高,4.0
洗完,后 头发-,清爽,3.0
老公,短发 用 了 一次 也 说-,差,1.0
感受,很-,不错,1.0
顺滑,的 头发 也 没有 那么-,粗糙,1.0
头发,就 会-,蓬松,1.0
洗完,之后 头皮-,清爽,1.0
气味,很-,不错,2.0
推荐,都 在+,红,1.0
顺滑,还+,蓬松,1.0
追评,用 这个 洗发水 头发 掉 的-,厉害,1.0
效果,控油+,香,1.0
味道,用+,好,1.0
做工,都 非常-,好,1.0
效果,巨-,好,1.0
洗发水,都-,挺好用,1.0
收到,货 包装 很-,好,1.0
头皮,也-,不痒,2.0
头发,特别-,蓬松,3.0
蓬松度,也 很-,高,1.0
整体,感觉 控油 力度 还是 不错 的 不至于 洗完-,黏腻,1.0
赠品,的 还有+,挺好用,1.0
商品,很-,不错,1.0
评论,却-,全,1.0
头发,明显 变得-,蓬松,1.0
瓶身,有 一点-,小,1.0
东西,很-,好,7.0
东西,也 很-,便宜,1.0
洗完,之后 头发 很-,香,1.0
洗完,头皮 都 很-,清爽,1.0
态度,挺-,好,1.0
香味,也 不 刺鼻 和-,浓烈,1.0
感觉,挺-,清爽,1.0
回购,几瓶 又+,好,1.0
气味,也-,挺好,1.0
头发,也 不-,容易,2.0
气味,很-,清淡,1.0
头发,很 顺滑-,干爽,1.0
追评,这款 洗发水 收到 货后 就-,直接,1.0
效果,都-,一般,2.0
活动,没有 之前 力度-,大,1.0
洗完,就 超级-,柔顺,1.0
香味,有 一股 淡淡的+,柔顺,1.0
头皮,特别-,清爽,6.0
洗完,头发 很-,干净,1.0
物流,也 很-,好,1.0
冲洗,后 头发 干净-,清爽,1.0
香味,好闻 不会 腻 得-,慌,1.0
洗发水,我 都 买 了-,好,1.0
洗发水,的 香味 也 很 自然-,清新,1.0
洗发水,真的 是 很-,好,1.0
洗发水,的 一款+,很好,1.0
控油,效果-,不错,12.0
泡沫,合 每次 按 一下 就 可以 出 很多+,舒适,1.0
回购,的 宝子 们 都 别-,犹豫,1.0
效果,真的-,不错,10.0
产品,很-,不错,2.0
力度,也 很-,强,1.0
洗发水,是 我 最近 的-,最爱,1.0
洗发水,闻 起来 很-,香,1.0
吹干,之后 头发 就 头发 都 巨 蓬松-,柔顺,1.0
感觉,这款 挺-,好,1.0
顺滑,比 平时 用 的 洗发水 更 蓬松+,确实,1.0
香味,也 挺-,持久,1.0
服务态度,也-,很好,1.0
小样,还 送+,大,1.0
购物,来 让 我-,最满,1.0
洗完,头皮 也-,不辣,1.0
洗发水,洗 了 头发-,直接,1.0
头发,则 很-,柔弱,1.0
效果,的+,蓬松,6.0
商品,使用 感 很-,好,1.0
淘宝,上能 买到 质量 这样-,好,2.0
打开,以后 味道 也 很-,香,1.0
味道,香香的 好闻 还-,持久,1.0
洗完,头发 不怎么-,容易,1.0
洗发水,都 感觉 没有 这个 效果-,好,1.0
感觉,有 活力 的+,健康,1.0
头发,挺-,蓬松,1.0
追评,现在 看着 自己 这-,蓬松,1.0
好闻,味道 也 很+,柔顺,1.0
洗完,后 很 蓬松 也 很-,香,1.0
好闻,也 洗 的 很-,干净,1.0
头发,看起来 更加-,蓬松,1.0
气味,洗发水 很-,好,1.0
头发,也 是 可以-,直接,1.0
头皮,被-,彻底,2.0
感受,的+,最大,1.0
气味,质量 非常-,好,1.0
追评,非常 好 非常 好 非常 好 非常 好 非常-,好,1.0
效果,能 看到 去屑 的+,明显,1.0
感觉,真的 很 不-,舒服,1.0
效果,味道 什么 的 都-,不错,1.0
头皮,减少+,有效,1.0
收到,了-,好,1.0
喜欢,喷香 水 所以-,具体,1.0
用过,效果 是 我+,蓬松,1.0
洗发,后 头皮 感觉-,清爽,1.0
控油,非常-,差,1.0
油性,蛮-,好,1.0
油性皮肤,了 我 是+,蓬松,1.0
顺滑,洗完 头发 也 很+,温和,1.0
头发,属于-,细软,1.0
洗完,效果-,好,1.0
提好,很-,好,1.0
性价比,极-,高,1.0
宝贝,质量-,不错,2.0
闻到,了 很-,香,1.0
好看,让 我 感觉 每次 早上 不 化妆 也 很+,蓬松,1.0
味道,很-,甜腻,1.0
成分,比较-,温和,1.0
头发,变得 很 蓬松-,清爽,1.0
控油,用 一次-,柔顺,1.0
博主,在 用 评价 都 很-,好,1.0
洗发,后 头发-,蓬松,1.0
效果,确实 很-,不错,1.0
感觉,洗-,干净,1.0
控油,效果 是 真的-,好,1.0
发膜,好-,香,1.0
服务态度,特别-,好,1.0
洗发水,不仅 清洁力-,强,1.0
头发,就 头发 都 巨-,蓬松,1.0
追评,这个 洗发水 真是 解决 了 我-,一大,1.0
控油,产品 中 效果-,最好,3.0
头发,都 能-,蓬松,1.0
味道,的+,清新,2.0
味道,之 水 的+,自由,1.0
头发,的 洗发水 真的 是+,好,1.0
家人,买 了 觉得-,好,1.0
变得,越来越-,慢,1.0
洗完,了 头皮 很-,清爽,1.0
洗发水,口碑 很-,不错,1.0
气味,洗完-,挺顺,1.0
头皮,很-,舒适,1.0
追评,洗完 头发 很-,干净,1.0
头发,包脸 的-,快乐,1.0
洗完,很 好闻+,香,1.0
包装,设计-,简洁,2.0
追评,超级-,难,1.0
头皮,环境 清爽-,舒适,1.0
后发,质 很-,蓬松,1.0
颜值,起来+,蓬松,1.0
控油,效果 还-,挺好,1.0
洗完,了-,蓬松,1.0
牌子,非常-,好,2.0
质量,这样-,好,2.0
商品,使用 体验 也-,不错,1.0
追评,包装 很-,精美,1.0
味道,是 清爽型 的 我 是-,细软,1.0
洗完,头发 感觉 好-,蓬松,1.0
控油,的 效果 真的-,不错,1.0
变得,可-,柔顺,1.0
控油,洗发水 用 后 头发 非常-,蓬松,1.0
卖家,的 客服 服务态度 从头到尾 都 很-,好,1.0
头发,特别-,舒爽,1.0
洗发水,和 护发素 洗完 很-,柔顺,1.0
气味,很淡-,很淡,1.0
控油,的 效果 很-,好,1.0
没掉,这么-,快,1.0
发丝,也 更加-,柔顺,1.0
遇见,一款 好 的 洗发水 真的 不-,容易,1.0
破坏,头皮-,健康,1.0
头皮,被 温和 地-,清洁,1.0
洗头,都 有 一种-,愉悦,1.0
追评,lg 最起码 出油 出 的-,很慢,1.0
洗完,也 不是 很-,干燥,1.0
商品,气味 挺-,香,3.0
发现,控油 效果 比-,一般,1.0
头发,散发 的 香味 也 很-,持久,1.0
洗发水,把 我 的 老+,直接,1.0
效果,让 我 每天 都 能 保持-,清爽,1.0
产品,真的 非常-,好,1.0
头皮,是 贴+,老,2.0
追评,洗 了 头发 就-,痒,1.0
毛孔,都 被 清洁 得 很-,彻底,1.0
油头,现在-,明显,1.0
发质,出油 的+,容易,1.0
洗完,头发 蓬松-,清爽,2.0
效果,的确-,不错,1.0
洗发水,红书 安利 的 这款+,小,1.0
头发,就-,痒,1.0
清洗,头 皮得很 干净-,清爽,1.0
护发素,也 变得-,柔软,1.0
洗完,之后 头皮 也 有 一点点-,清爽,1.0
实体店,还-,贵,1.0
洗完,后-,清爽,1.0
卖家,的 服务 也-,很棒,1.0
品牌,很-,不错,1.0
牌子,好多 大网-,红,1.0
洗发水,用 着 挺-,好,1.0
气味,洗发水 味道 很 很-,香,1.0
时间,还 很-,长,1.0
洗发水,的+,高,1.0
感觉,没洗-,干净,1.0
头皮,的 泡泡 在+,细腻,1.0
好用,是+,确实,2.0
头发,太-,友好,1.0
洗完,不是 很-,柔顺,1.0
控油,都 很-,好,1.0
头发,现在 看起来 更加-,健康,2.0
变得,不幸 刚 开始 洗 还-,挺好,1.0
控油,的 效果 是-,最好,1.0
洗发水,的+,不错,9.0
追评,洗发水-,挺好用,2.0
东西,果然 不会-,差,1.0
洗发水,味道 很 很-,香,1.0
卖家,服务 也 很-,好,1.0
控油,只 做到+,单单,1.0
味道,刚刚-,好,1.0
感觉,到 头皮 非常-,清爽,1.0
好闻,挺+,清新,1.0
洗完,头发 很 顺 蓬松度 也 很-,高,1.0
头发,更-,蓬松,1.0
护发素,的 是 它 的+,难忍,1.0
头发,光泽度 很-,高,1.0
头发,也 不-,暴燥,1.0
洗完,特别-,舒服,2.0
头发,之后 也-,顺,1.0
商品,一如既往 的-,好,1.0
包装,很-,精致,2.0
洗起来,头发 很-,蓬松,1.0
发丝,都-,根根分明,1.0
追评,现在 我 的 头发 真的 很-,蓬松,1.0
洗头,告别 了 每天+,彻底,1.0
头皮,被-,温柔,2.0
环境,洗发水 改善 头皮+,舒爽,1.0
购买,塌 很 推荐+,细软,1.0
控油,力度-,不错,1.0
头发,之后 五天 都 很-,蓬松,1.0
洗完,头 之后 出 油 真的 很-,慢,1.0
泡沫,很-,细腻,4.0
洗完,可-,蓬松,1.0
同款,超市 都 要-,小,1.0
洗完,就是 蓬松-,高,1.0
追评,太-,差,1.0
头发,洗 的 很-,蓬松,2.0
优惠,力度-,大,1.0
好闻,的 味道 很+,蓬松,1.0
感觉,性价比 还-,不错,1.0
洗好,后 很-,柔顺,1.0
泡沫,轻轻 一 搓 就 会 出 好多+,棒,1.0
洗完,头皮 很-,干净,2.0
冲洗,后 头发-,干净,1.0
头发,清洁 的 很-,干净,1.0
商品,气味-,好,6.0
追评,以后 会 一直 回购 的-,很好,1.0
发根,的 洗完 头发+,蓬松,1.0
头发,能 持续保持 干爽-,清爽,1.0
发膜,款+,柔顺,1.0
发丝,清爽 不-,粘腻,1.0
头发,很-,香,7.0
发质,很-,好,2.0
产品质量,一如既往 的-,好,1.0
想着,肯定 不会-,差,1.0
控油,效果 贼-,强,1.0
控油,效果 是 真的 很-,好,1.0
气味,香味 很 清新-,舒服,1.0
气味,气味-,温和,1.0
头发,都 是-,蓬松,1.0
好用,很-,柔顺,1.0
感觉,头皮 很-,干净,1.0
洗发水,很 温和 很-,不错,1.0
头发,有-,很棒,1.0
洗发水,效果 都-,一般,1.0
宝贝,真的 很好 很-,好,1.0
头发,还-,很痒,1.0
效果,油头 用过 很多 洗发水 都 没有+,大,1.0
头发,洗完 一点 也 不-,毛躁,1.0
感觉,洗 的 很-,干净,2.0
头发,质 都 有 了-,明显,1.0
推荐,的 商品 应该 不会-,差,1.0
功效,试试 其他+,完后,1.0
洗完,头 后-,清爽,1.0
说用,了 特别-,好,1.0
洗完,头发 感觉 很 清爽 也 很-,蓬松,1.0
追评,洗发露 非常-,好,1.0
室友,用 的 挺-,香,1.0
洗完,头 有点-,痒,1.0
味道,也 很-,独特,1.0
带来,舒适-,愉悦,1.0
洗发水,护发 效果 很-,好,1.0
熬夜,喜欢+,老,1.0
态度,非常-,好,1.0
头发,顺滑 卖家 服务 也 周到 发货 速度-,快,1.0
听说,kono 的 产品质量-,不错,1.0
头发,掉 的 巨-,严重,1.0
头发,特别-,硬,1.0
头发,依然 保持-,柔顺,1.0
东西,非常-,好,3.0
头发,比较-,容易,2.0
头发,的 质感 也 变得 更加-,柔顺,2.0
吹干,后 头发 很-,蓬松,1.0
包装,很 仔细 、-,严实,1.0
质量,也 很-,好,1.0
控油,效果 也 是 我 用过-,最好,1.0
服务态度,确实-,不错,1.0
脱发,超级-,严重,1.0
头皮,保护 的-,很好,1.0
发质,很 毛躁 那种+,粗,1.0
好闻,很+,香,5.0
香味,很-,柔和,1.0
头皮屑,伴随 起+,干痒,1.0
洗完,之后 头发 也 不怎么-,痒,1.0
态度,很-,好,3.0
感觉,确实-,不错,2.0
赠品,闻 着 挺-,香,1.0
商品,应该 不会-,差,1.0
控油,很-,好,4.0
亮泽,高端 大气 上档次 非常 好用 很 柔顺+,精美,1.0
头发,很-,干爽,1.0
感觉,的+,清爽,6.0
气味,控油 的 没有 说 的 那么-,好,1.0
闺蜜,用 了-,好,1.0
香味,还 挺 好闻 的 对于-,长,1.0
包装,很-,仔细,3.0
泡沫,特别 的-,丰富,1.0
洗完,头-,巨痒,1.0
蓬蓬,的 头发 真的-,好,1.0
能力,控油+,确实,1.0
经营,观念 和 格局 能 把 产品 做-,大,1.0
姐妹,们 泡沫-,丰富,1.0
女孩子,头发-,长,1.0
头发,就 头发 都 巨 蓬松-,柔顺,1.0
洗发水,几款+,好,2.0
头皮,超级-,温和,1.0
气味,刚 打开 气味 就 很-,香,1.0
试用,过 洗发 非常 清爽-,舒适,1.0
头皮,有种 很-,轻松,1.0
推荐,而且 可以 坚持 两三天 不 洗头 了 很+,蓬松,1.0
感觉,很-,明显,1.0
追评,这个 洗发水 控油 效果 巨-,好,1.0
头发,清爽-,干净,2.0
头发,涩-,涩,1.0
头发,特-,清爽,1.0
清洗,就+,容易,2.0
洗完,头发 瞬间-,清爽,1.0
洗完,清爽-,蓬松,1.0
头发,还 变得-,干涩,1.0
头皮,感觉 第二天 头发 不 清爽 还+,明显,1.0
冲洗,易+,丰富,2.0
气味,泡沫 蛮 多 的-,容易,1.0
头发,感觉 头皮 很-,舒服,1.0
追评,感觉 是-,假,1.0
宿舍,蹭 了 舍友 的 又-,香,1.0
价格,用+,好,1.0
适合,的 是 很+,重要,1.0
洗发水,修复 而且 会 滋养 的 一款+,柔顺,1.0
好闻,的 对于-,长,1.0
去屑,的 效果 都 是-,很好,1.0
控油,效果-,明显,4.0
洗完,头发 后 的-,清爽,1.0
头皮,很-,清爽,12.0
清洗,很-,彻底,1.0
姐妹,们-,慎重,1.0
头发,也 很-,滑顺,1.0
洗完,超级-,清爽,1.0
头发,也 更加-,蓬松,1.0
商家,服务态度-,好,1.0
洗完,头发 不仅 柔顺 还 很-,香,1.0
沙龙,控油 洗发水 真的 非常-,好,1.0
头皮,特别-,痒,2.0
产品,的+,最好,5.0
洗完,后-,明显,1.0
气味,两个 味道 都-,不错,1.0
容量,大-,很大,1.0
头皮屑,也-,少,2.0
头发,蓬松-,清爽,3.0
朋友,介绍 的 还-,不错,1.0
商品,气味 味道 很-,清新,2.0
泡沫,特别-,丰富,1.0
洗发水,的 香气-,清新,1.0
洗发水,效果 真心-,不错,1.0
产品,还-,不错,2.0
头发,的 护理+,很好,1.0
控油,效果 让 我 每天 都 能 保持-,清爽,1.0
头发,也 变-,柔顺,1.0
包装,很-,完好,1.0
洗发水,还-,不错,1.0
发质,于+,苦恼,1.0
追评,洗完 头发 后 真的 很-,蓬松,1.0
妈妈,用 的话 打算 再 给+,好,1.0
控油,能力 也 超级-,好,1.0
质量,非常-,好,7.0
效果,护发+,简单,2.0
感觉,每 根 头发 都 被 呵护 得 很-,好,1.0
效果,也-,很棒,7.0
头发,之后 也-,很顺,1.0
效果,也 还-,不错,1.0
泡泡,打 起来 很-,细腻,1.0
超市,感觉 这款 挺-,好,1.0
效果,很-,明显,3.0
效果,特别 好 洗完 头发 很 清爽-,蓬松,1.0
洗发水,的 香味 非常-,持久,1.0
头发,油 还-,痒,1.0
控油,效果 确实-,不错,1.0
好用,洗发水 简直 太+,蓬松,1.0
洗发水,好 用-,柔顺,1.0
追评,性价比 很-,高,1.0
赠品,味道 也-,不错,1.0
发丝,洗完 的-,蓬松,1.0
追评,味道 很-,好,1.0
包装,很-,干净,1.0
效果,最-,明显,1.0
洗完,也 不 干燥 去 头屑 也 很-,不错,1.0
情况,真的 很-,不错,1.0
时间,很-,久,1.0
质量,还-,不错,1.0
头发,不仅-,干净,3.0
追评,商品质量 很-,好,1.0
头发,都 巨-,蓬松,1.0
发膜,还有+,不错,2.0
护发素,都 是 正品 质量 很-,好,2.0
下买,过 一次 线 上比 线下-,便宜,1.0
洗发水,收到 货后 就-,直接,1.0
香味,也 比较-,清新,1.0
吹干,后 头发 很-,柔顺,1.0
控油,蓬松 洗发水 都 是-,很大,1.0
头发,蓬蓬 的+,蓬松,1.0
洗发水,用 起来 真的 超级-,舒服,1.0
头皮,清爽 又-,干净,1.0
头发,自然-,蓬松,1.0
道理,的+,有贵,2.0
替换装,价格 实惠 对 环境 也 比较-,友好,1.0
头发,炸毛-,枯燥,1.0
购物,的+,愉快,1.0
商家,服务态度 确实-,不错,1.0
感觉,头发 更加-,健康,1.0
地方,卖 的-,便宜,1.0
细节,、 品质 、 做工 都 非常-,好,1.0
实惠,还 送 小样 特别+,大,1.0
洗完,头发 都 感觉-,清爽,1.0
宝贝,收到 了 包装-,完好,1.0
洗发水,的+,柔顺,2.0
洗发水,真是 解决 了 我-,一大,1.0
那可真,是 太-,香,1.0
头发,都 很-,干爽,1.0
洗发水,效果-,不错,2.0
用过,油头+,大,1.0
洗手间,都 是-,香,1.0
洗完,头皮 巨-,干净,1.0
店家,送 了-,好,1.0
味道,我 挺 喜欢 这个+,香,1.0
商家,服务态度-,确实,1.0
油腻,用 洗完 头发 顺滑 而 不+,好,1.0
头皮,确实 是 清爽-,舒服,1.0
控油,的 效果 还是-,不错,1.0
感觉,很-,舒服,4.0
毛孔,都 被-,清洁,1.0
拆箱,的 感觉 真的 太棒了 每 差 一步 都 是-,惊喜,1.0
追评,洗发水 洗 了-,毛躁,1.0
头发,洗完 之后 特别 干净-,清爽,1.0
洗完,之后 效果-,好,1.0
洗完,头 好-,香,1.0
香味,偏-,清淡,1.0
去屑,加-,柔顺,1.0
性价比,也 很-,好,1.0
洗完,后 头皮-,不痒,1.0
周到,发货 速度-,快,1.0
感觉,头发 感觉 更加-,健康,1.0
满头,雪花 的-,痛苦,1.0
头皮,也 有 一点点-,清爽,1.0
洗头,都 不会-,痒,1.0
头发,非常 的-,蓬松,4.0
亮泽,护发素 可以 使 头发 非常 的-,蓬松,1.0
洗完,头皮 绝对-,不痒,1.0
性价比,高质量-,好,1.0
发现,头发 他 不-,蓬松,1.0
追评,控油 又-,蓬松,1.0
控油,洗发水 确实 用 起来 感觉-,不错,1.0
品牌,的 量-,大,1.0
控油,能力-,确实,1.0
女儿,头发 控油 效果 很-,好,1.0
出油,头发 不 那么 容易+,确实,1.0
头发,保持 一整天 的-,清爽,1.0
客服,的 服务态度 也 很-,好,2.0
感觉,洗完 头 都 变-,清爽,1.0
评价,说 香味-,不错,1.0
留香,还 很-,好,1.0
油腻,不+,干爽,3.0
控油,效果 很-,好,44.0
包装,得 很-,好,2.0
洗发水,质量-,不错,1.0
洗发水,让 我 的 油性 头发 得到 了-,很好,1.0
气味,这 款 洗发水 非常-,好,1.0
头发,很-,蓬松,61.0
产品,的+,高,1.0
冲洗,时 很 容易 就 洗-,干净,1.0
洗发水,用 后 头发-,柔顺,1.0
头发,有 多 去 油腻 、 有 多-,蓬松,1.0
花香调,的+,持久,2.0
泡沫,绵密-,细腻,2.0
头发,出油-,少,1.0
清洁力,和 控油 都 很-,不错,1.0
洗发水,中 控油 效果-,最好,1.0
味道,闻 着 也 很-,好,1.0
头发,也 太-,柔顺,1.0
能力,很-,好,1.0
气味,味道 比较-,淡,1.0
客服,态度-,好,2.0
头发,洗完 很-,蓬松,1.0
吹干,后 真的 很-,蓬松,1.0
去屑,效果 挺-,好,1.0
洗发水,头发 掉 的-,厉害,1.0
护发素,不 需要 用+,根本,1.0
头发,洗完 真的 很-,蓬松,1.0
头发,和 头皮 都 很-,干净,1.0
商品,气味 味道-,不重,1.0
香味,也 变得-,一般,1.0
头油,原因 后-,直接,1.0
香味,的+,清淡,3.0
好闻,味道+,很滑,1.0
道理,很-,好,1.0
好闻,我 挺 喜欢 这个 味道 的 不 刺鼻 很+,香,1.0
控油,效果 也 很-,好,7.0
头皮屑,提+,完喜,1.0
头发,能 管好 就-,好,1.0
卖家,的 服务 也 很棒 发货-,快,1.0
洗完,头 很 顺滑 且-,清爽,1.0
过度,清洁 导致 头皮-,干燥,1.0
不油,头发 也+,柔顺,1.0
发膜,就 很-,容易,1.0
感觉,头顶 很-,干净,1.0
洗完,头发 挺-,香,1.0
后发,质-,柔顺,1.0
控油,效果 让 我 非常-,惊喜,1.0
快递,的 时候 快递 盒 都-,扁,1.0
朋友,那里 用 过 感觉 还-,不错,1.0
感觉,一天 的-,疲劳,1.0
头发,不-,毛躁,2.0
价格,很-,合适,1.0
洗完,头发-,干燥,1.0
预期,想象 的-,好,1.0
香味,一股+,很大,1.0
头发,不 出油 的-,快乐,1.0
熬夜,每天 脱发 很-,严重,1.0
不油,几天 也+,完好,1.0
头发,非常-,柔顺,5.0
洗完,头发-,清爽,3.0
喜欢,的 不要-,犹豫,1.0
找到,自己-,合适,1.0
洗发水,蓬松+,丰盛,1.0
头发,也 十分-,柔顺,1.0
去屑,的 和+,蓬松,1.0
气味,很-,清新,2.0
味道,喜欢 这个+,好,1.0
头皮,绝对-,不痒,1.0
产品,效果 宣传 的-,蓬松,1.0
洗完,头发 都 很-,柔顺,1.0
去油,的 效果-,不错,1.0
物流,包装 很-,一般,1.0
控油,我 感觉 还是-,不错,1.0
头皮,会-,痒,1.0
用水,打湿 之后 在 头发 上 揉搓 很-,温和,1.0
效果,出乎意料 的-,好,2.0
头皮,会 有 一些-,痒,1.0
追评,吹 完 就是 很 轻盈-,蓬松,1.0
护发素,很-,好,1.0
味道,没有 那么-,重,1.0
感觉,头 都-,轻松,1.0
清洗,的 就 更-,干净,1.0
洗发水,洗 的-,干净,1.0
头发,变得 格外-,清爽,1.0
头皮,清洁+,彻底,1.0
推荐,才+,好,1.0
追评,是 一个-,好,1.0
推荐,塌 很+,细软,1.0
朋友,们 推荐-,挺好用,1.0
感觉,还是-,不错,1.0
价格,有点-,贵,1.0
回购,用完 再+,香,1.0
回购,用 的话 会 继续+,好,2.0
发根,真的 很-,蓬松,1.0
产品,非常-,好,3.0
控油,净化 头皮 效果-,不错,1.0
宝贝,非常-,好,1.0
洗发水,真的 很-,不错,5.0
粉红色,的 好-,香,1.0
打开,闻 的 挺-,香,1.0
感觉,很-,不错,10.0
姐妹,的+,毛躁,1.0
追评,出门 一点 都 不 觉得-,尴尬,1.0
物流,也 特别-,快,1.0
好闻,很 很+,香,1.0
泡沫,非常 丰富-,细腻,1.0
效果,也 特别-,好,1.0
头发,妹子 来说 比较-,友好,1.0
评用,了 以后 掉头发 更-,严重,1.0
香气,的+,清新,1.0
头皮,清爽-,舒适,1.0
大气,高端+,精美,1.0
无比,的 头发 让 人 心情+,蓬松,1.0
气味,很-,浓厚,1.0
速度,也-,快,1.0
清香味,用 还有 一股 淡淡的+,好,1.0
洗完,头发 特别-,干爽,1.0
头发,不 清爽 还 头皮-,痒,1.0
性价比,挺-,高,2.0
追评,这款 洗发水-,确实,1.0
头发,现在 吹干 后 真的 很-,蓬松,1.0
追评,真正 可以 做到 洗-,干净,1.0
小巧,好用 超-,惊喜,1.0
洗发水,洗 了 头发 比 之前-,蓬松,1.0
洗完,后 较-,蓬松,1.0
想着,长期 使用 肯定-,不错,1.0
头发,比较-,蓬松,2.0
泡沫,也 是-,细腻,1.0
头发,很 顺滑 很-,蓬松,1.0
洗发水,喜欢 这 款+,好,2.0
头发,真的 很 柔顺 很-,蓬松,1.0
感觉,控油 效果 挺-,好,1.0
头发,更-,持久,1.0
洗发水,的 香味 和 控油 效果 都 有-,很高,1.0
追评,这 洗发水-,根本,1.0
控油,的 效果 也 很-,好,1.0
性价比,也-,高,1.0
气味,非常-,不错,1.0
洗发水,确实-,好,3.0
颅顶,就-,轻松,1.0
搭配,也 很-,不错,1.0
追评,不要 靠近 会 变得-,不幸,1.0
总体,来说 很-,好,1.0
头皮,控制+,有效,3.0
洗头,很-,清爽,2.0
控油,效果-,持久,14.0
追评,控油 效果-,好,1.0
客服,回复 消息 很快 态度 也-,不错,1.0
商品,气味 味道 很-,香,5.0
好评,五分+,全,1.0
朋友,的+,健康,1.0
洗头,几天 没有+,好,1.0
泡沫,非常-,丰富,4.0
头发,是 感觉 自己+,老,1.0
味道,挺-,好,6.0
追评,产品质量 挺-,好,1.0
控油,款 的 洗 了 之后 头发 会-,干燥,1.0
洗完,头 特别-,痒,1.0
香味,使 人-,愉悦,1.0
头发,很 柔顺-,蓬松,1.0
追评,黄色 的 这瓶-,快,1.0
发质,也-,柔顺,1.0
气味,商品 气味 味道-,不错,1.0
头发,保持-,干爽,1.0
速度,好-,快,2.0
头发,保持+,有效,1.0
头发,太-,蓬松,1.0
洗出来,洗发水+,蓬松,1.0
洗发水,的+,最好,2.0
效果,效果 是 我 用过 的+,蓬松,1.0
气味,一直 用 他家 洗发水 特别-,柔顺,1.0
打开,看看 闻到 了 很-,香,1.0
商品,气味-,清淡,1.0
香味,飞 起 淡淡的+,直接,1.0
喜欢,好-,柔顺,1.0
商品,气味-,蓬松,1.0
改善,用 了 两次 头皮屑 有+,连续,1.0
洗发水,的+,健康,1.0
牌子,我 一直 在 用-,很好,1.0
味道,很 好闻 而且 留香-,久,1.0
刺激,成分 也-,安全,1.0
追评,这个 洗发水 质地-,细腻,1.0
感觉,的+,疼,1.0
追评,洗-,完全,1.0
回购,用 继续+,好,1.0
控油,蓬松 效果 真的-,不错,1.0
洗发水,真的 做到 了 控油 很-,彻底,1.0
头皮,到+,清洁,1.0
护发素,也 特别-,好,1.0
头发,是 油头 控油 效果-,好,1.0
感觉,去屑 控油 效果-,不错,1.0
头屑,是 真的 很-,烦人,1.0
满意,高端 大气 上档次 非常 好用 很 柔顺 亮泽 很+,精美,1.0
包装,颜值 很-,高,1.0
粉色,洗发水 特别-,柔顺,1.0
洗完,比 之前 用 的 产品-,确实,1.0
包装,没有 上次-,好,1.0
发质,都-,好,1.0
头皮,确实 是-,清爽,1.0
感觉,的+,干净,1.0
泡泡,很 喜欢+,浓郁,1.0
头皮,感觉-,清爽,4.0
洗完,头发 也 很-,清爽,1.0
服务态度,从头到尾 都 很-,好,1.0
姐妹,们 不要-,犹豫,1.0
博主,红书 看到 一位+,小,1.0
洗完,头发 感觉 很-,好,1.0
商品,气味 味道 非常-,好,1.0
洗发水,唯一 让 我 感觉-,很好,1.0
洗完,头发-,不顺,1.0
包装,很-,严实,3.0
广告,说 的 那么-,好,1.0
味道,很-,清新,6.0
头油,就 已经 能 让 你 感觉 很-,明显,1.0
产品包装,很-,好,2.0
追评,买 礼物 能 买到 这么-,好,1.0
香味,也-,持久,1.0
商品,气味 洗发水 味道 很 很-,香,1.0
洗完,头发 特别-,蓬松,1.0
头发,闻 起来 很-,清新,1.0
追评,不错-,不错,1.0
头皮,也 不-,容易,1.0
发质,和 头皮 状况 有 了-,显著,1.0
洗完,头发 感觉 确实 会-,蓬松,1.0
效果,的 控油+,好,2.0
洗发水,还是 那么-,好,1.0
香味,也 很 自然-,清新,1.0
洗发水,换+,轻易,1.0
控油,去屑 效果 非常-,好,1.0
洗发水,的 选择 非常-,谨慎,1.0
头发,洗 后 不会-,毛躁,1.0
控油,洗发水 真的 很-,不错,1.0
洗发水,香味 很-,好,1.0
用完,的 还有 赠品 闻 着 挺 香+,挺好用,1.0
洗完,头发 后 挺-,蓬松,1.0
洗完,后 头发 蓬松-,柔软,1.0
洗完,头发-,蓬松,19.0
味道,挺-,香,7.0
油污,也 洗 的 很-,干净,1.0
洗完,发后 留香-,持久,1.0
商家,服务态度 堪称-,完美,1.0
感觉,用 起来+,确实,1.0
洗完,之后 头发 也 炒 鸡 的-,蓬松,1.0
效果,都 是-,很好,1.0
喜欢,我 很+,不错,1.0
洗发水,入手 的+,新,1.0
不用,都+,柔顺,1.0
追评,洗发水 不能-,单单,1.0
控油,加上-,蓬松,1.0
洗发,很-,柔顺,1.0
头发,巨-,蓬松,2.0
留香,很-,好,1.0
控油,洗发水 真的 特别-,好,1.0
洗发,头发-,柔顺,1.0
买来,才+,好,1.0
商品,气味-,不错,4.0
洗发水,洗 得 很-,干净,1.0
客服,态度 很-,好,2.0
希望,能-,有效,1.0
气味,持-,香,1.0
控油,时间-,长,2.0
效果,也 是-,很好,2.0
感觉,不会 有 油腻 的+,完全,1.0
洗完,一点 也 不-,毛躁,1.0
头发,只要 在 外面 洗头 就-,容易,1.0
头发,非常-,细顺,1.0
好闻,不会 腻 得-,慌,1.0
洗头,的 像 刚+,蓬松,1.0
过程,泡沫-,丰厚,1.0
营销,还 以为 很-,不错,1.0
泡沫,真的 很-,好,1.0
发货,非常-,快,2.0
好用,很+,香,3.0
头发,越来越-,蓬松,3.0
先用,了 丰盈 款 感觉-,不错,1.0
推荐,朋友+,好,1.0
客服,很-,好,2.0
气味,真的 很-,香,1.0
洗完,头发 的 香味 也 很-,好,1.0
关键,还是 控油 的 效果 是-,最好,1.0
头发,也-,扁,1.0
味道,的+,香,2.0
控油,去屑 效果-,不错,2.0
选择,的+,不错,6.0
头发,挺-,香,1.0
感觉,头发 的 油分-,明显,1.0
总体,来说-,不错,1.0
头发,都-,快,1.0
洗发水,用 了 后 不会-,毛躁,1.0
头发,去除+,迅速,3.0
感觉,真的 是 大大的-,惊喜,1.0
头发,发丝 也-,柔顺,1.0
洗完,头发 就 感觉 很-,清爽,1.0
活动,力度-,大,2.0
顺滑,很-,蓬松,1.0
吹干,后 保持 很-,干爽,1.0
洗完,吹干 之后 头发 就 头发 都 巨-,蓬松,1.0
控油,没有+,根本,2.0
评用,过 洗发水 头皮 太-,痒,1.0
好评,的 给出 五星+,认真,2.0
洗发水,的+,新,1.0
头皮屑,也 不-,痒痒,1.0
洗完,头发 之后 五天 都 很-,蓬松,1.0
追评,东西 非常-,好,1.0
头发,没有 那么-,容易,1.0
泡沫,蛮 多 的-,容易,1.0
发缝,成功-,秃,1.0
买家,包装 的 很-,扎实,1.0
头发,就 头发 都-,巨,1.0
洗完,之后 头发 很-,蓬松,3.0
追评,这款 洗发水 洗 的 很-,舒服,1.0
味道,了+,挺好用,1.0
头发,和 头-,健康,1.0
控油,洗发水 非常-,好,1.0
感觉,的+,愉悦,1.0
洗完,后 的 效果 很-,好,1.0
洗完,头发 也 不-,容易,1.0
商品,气味 刚 打开 气味 就 很-,香,1.0
实测,非常-,好,1.0
产品,特别-,好,1.0
头发,也-,很顺,1.0
洗完,发质 很-,好,1.0
头发,的 伤害-,很小,1.0
洗发水,真的 不-,容易,1.0
换来换去,还是 觉得 这个 牌子-,不错,1.0
洗完,头发 后 的 清爽 感-,持久,1.0
洗发水,气味-,不错,1.0
洗完,蓬松-,好,2.0
感觉,自己 的 头发 越来越-,蓬松,1.0
味道,都-,不错,3.0
水润,亮泽 护发素 可以 使 头发 非常 的-,蓬松,1.0
推荐,客服 很-,好,1.0
洗发水,的 评价 还-,不错,1.0
想象,的 那么-,好,1.0
清洗,头 皮得很-,干净,1.0
好闻,加上-,持久,1.0
护发素,也 是 那样 的-,粗糙,1.0
头发,柔顺 自然-,清爽,1.0
洗发水,很-,不错,12.0
搭配,挺-,好,1.0
质量,相当-,好,1.0
头发,看起来 更加-,健康,3.0
感觉,用 完 确实 相对-,不错,1.0
头发,之后 很 立体-,蓬松,1.0
味道,有点-,浓,1.0
改天,试试 另外 一瓶 客服 也 挺-,好,1.0
洗发水,的+,最难,1.0
清洗,揉搓+,好,1.0
头发,的 香味 也 很-,好,1.0
回来,质量 特别 的-,好,1.0
洗发水,的 去屑 效果 真心-,不错,1.0
头发,特别-,干爽,1.0
洗完,之后-,蓬松,1.0
推荐,的说 这款 洗发水-,不错,1.0
黄色,的 这瓶-,快,1.0
关键,是 价格 还-,不贵,1.0
头发,没有 描述 的-,蓬松,1.0
气味,比 平时 要-,便宜,1.0
印象,很-,好,1.0
购物,的+,不错,1.0
洗发水,的 香味 很-,清新,1.0
回家,用 了 之后 发现 控油 效果-,确实,1.0
头发,立马-,蓬松,1.0
洗出来,的 头发 特别-,蓬松,1.0
商家,服务态度 很-,好,2.0
追评,洗发水 的 香味 很-,清新,1.0
感觉,非常-,舒适,5.0
推荐,的 一个+,好,1.0
瓶子,的 真心-,不错,1.0
东西,质量 非常-,好,1.0
商品,气味 很 香 很-,香,1.0
产品,的+,明显,1.0
洗发水,收到 了用 了 一下-,不错,1.0
洗发水,控油 效果-,不错,1.0
头皮,很-,干净,3.0
大油头,的+,妥妥,1.0
头皮,感到 干燥 或-,不适,1.0
初中生,孩子 用 了 都-,合适,1.0
感觉,每 一根 头发丝 都-,干净,1.0
洗发水,颜值 很-,高,3.0
头发,蓬松 很-,清爽,1.0
头发,是 贴 在+,老,1.0
头发,洗 了 很-,柔顺,1.0
洗发水,油头 用过 很多+,大,1.0
出门,约会 一整天 都 还 很-,蓬松,1.0
控油,的 还是 轻盈+,舒缓,1.0
头皮,上 按摩 很-,舒服,1.0
感觉,掉头发 都-,少,1.0
追评,洗发水 很-,好,2.0
洗完,用+,好,1.0
产品质量,都 比较-,差,1.0
商品,就是+,直接,1.0
头发,很-,好,1.0
洗完,头发 也 十分-,柔顺,1.0
妈妈,觉着 非常-,不错,1.0
洗完,头发 很 顺 味道 也 很-,香,1.0
控油,洗发水-,确实,1.0
洗发水,就 问 了+,蓬松,1.0
用用,发质 的 洗发露+,不同,1.0
闻到,味道 挺-,香,1.0
质量,好-,差,1.0
气味,是-,很好,1.0
头发,特别-,粗糙,1.0
追评,一款-,好,1.0
发质,又 粗 很 毛躁 那种+,黑,1.0
感觉,的+,清新,1.0
洗发水,非常 的-,不错,1.0
头发,用 洗完+,好,1.0
头发,特别 的-,蓬松,2.0
控油,效果 也 非常-,好,1.0
力度,也-,大,1.0
味道,很-,清淡,1.0
洗完,头发 后-,清爽,1.0
商品,气味 很-,好,1.0
商品,气味 味道-,清新,2.0
油量,有点-,大,1.0
头发,变得 既-,干净,1.0
味道,会 比较-,淡,1.0
感受,不是 很-,明显,1.0
感觉,洗 的 比 其他 洗发水 洗 的-,干净,1.0
洗完,头 头发 也 很-,蓬松,1.0
追评,之前 买 过-,好,1.0
味道,也-,不错,4.0
洗发水,是+,全,1.0
推荐,大家 一起 用 才 算-,好,1.0
商家,能够-,大,1.0
头发,的 蓬松 感 也 让 我-,惊喜,1.0
头发,都 很-,蓬松,5.0
头发,第三天 都 是-,蓬松,1.0
上头,很-,温和,2.0
清洗,过程 泡沫 丰厚-,细腻,1.0
头顶,是 真的-,蓬松,1.0
气味,好闻 很-,香,1.0
洗完,挺-,蓬松,2.0
洗完,头发 还-,很痒,1.0
去屑,控油 效果-,不错,1.0
洗发水,是 一款 性价比-,高,1.0
吹干,后 头发-,蓬松,1.0
控油,效果 能 这么-,好,1.0
感觉,非常-,清爽,4.0
气味,香味 很-,清新,1.0
洗完,头发 也 不-,干燥,1.0
香味,也 不-,持久,1.0
冲洗,起来 也 不-,费劲,1.0
追评,卖家 非常-,好,1.0
东西,也 很-,好,1.0
洗发水,更-,蓬松,1.0
效果,好 很-,不错,1.0
感觉,这 一年 来 头皮-,痒,1.0
心情,的 花香调 更是 让 人+,持久,1.0
头发,特别-,痒,1.0
快递,盒 都-,扁,1.0
控油,去屑 效果 特别-,好,1.0
顺滑,不-,干涩,1.0
发质,塌+,细软,1.0
头顶,特别 的-,干净,1.0
油腻,几天 不会 感觉+,好,1.0
头发,后 感觉-,清爽,1.0
感觉,自己 头发 洗 不-,干净,1.0
头发,也 不-,枯燥,1.0
洗发,后 很-,清爽,1.0
洗头水,很-,好,2.0
洗发水,让 我 的 头发 变得 很-,蓬松,1.0
头发,真的-,好,1.0
头发,多 的 姐妹 们 也 要-,慎重,1.0
去屑,效果 真心-,不错,1.0
服务,也 周到 发货 速度-,快,1.0
宝贝,质量 很-,好,1.0
回购,还是 选择+,最好,1.0
成分,也 比较-,安全,1.0
绵密,我 大 油头 洗完 之后 头发 真的 很-,蓬松,1.0
头皮,刺激-,挺大,1.0
香气,很-,适宜,1.0
黄色,的 很-,香,1.0
头发,容易 干枯-,毛躁,1.0
香味,比较-,持久,2.0
商品,效果-,好,1.0
洗完,头发 也 挺-,蓬松,1.0
洗完,比 之前 用 的 产品 确实-,好,1.0
洗发水,质地-,细腻,1.0
味道,很-,不错,5.0
洗完,之后 头发 特别 的-,蓬松,2.0
头发,重现-,柔顺,1.0
洗完,头 很-,蓬松,1.0
去屑,控油 效果 很-,好,1.0
已経回焰,三次 了 味道 也 很-,香,1.0
客服,态度 很-,积极,2.0
效果,是-,最好,2.0
控油,效果 非常-,好,12.0
尝试,各种 控油-,蓬松,1.0
洗护,效果-,明显,1.0
洗完,特别-,柔顺,1.0
回购,的 这款 特别-,不错,1.0
头发,一整天 都 保持 着-,良好,1.0
头皮,的 每 一个 毛孔 都 被 清洁 得 很-,彻底,1.0
追评,这款 洗发水 的 控油 蓬松 效果 真的-,不错,1.0
香气,优雅 的+,清新,1.0
洗发水,的+,贵,1.0
洗发水,的+,蓬松,4.0
姐姐,看到 我 的 头发 都 觉得-,惊讶,1.0
感觉,真的 太棒了 每 差 一步 都 是 惊喜 和-,喜悦,1.0
头皮屑,油 和 有+,容易,1.0
洗发水,头发 头皮 的 一款+,干净,1.0
购买,了 味道 很-,香,1.0
姐妹,塌 的+,细软,1.0
头发,就 很-,柔顺,1.0
洗发水,控油 效果 很-,好,3.0
头皮,都 很-,清爽,1.0
头发,又 顺 又-,香,1.0
油力,还是 很-,不错,2.0
味道,的+,蓬松,2.0
头发,变得 清爽-,柔顺,1.0
洗完,头发 后 感觉-,清爽,1.0
头发,都-,巨,1.0
洗发水,都 是 很-,容易,1.0
洗完,后 明显-,清爽,1.0
能力,特别-,强,1.0
润滑,蓬松 效果 和+,确实,1.0
商品,气味 泡沫 蛮 多 的-,容易,1.0
头发,也-,蓬松,2.0
洗完,真的 很-,蓬松,4.0
追评,洗头水 很-,好,1.0
留香,也 非常-,久,1.0
头发,瞬间-,高,1.0
感觉,是+,老,1.0
小样,洗起来-,完全,1.0
泡沫,很 丰富 和 很-,容易,1.0
想象,中 的 还要-,好,1.0
销量,为什么 这么-,高,1.0
赠品,也 很-,丰富,1.0
洗发水,特别-,柔顺,2.0
客服,服务态度 从头到尾 都 很-,好,1.0
洗发,后 非常-,清爽,1.0
洗发水,用 完后 头发 太-,蓬松,1.0
客服,也 很 有-,耐心,1.0
头发,能 蓬松 个-,好,1.0
头皮,澈+,净,1.0
遇见,一款-,好,1.0
控油,的 洗发水 解决 了-,很大,1.0
活动,真的 很-,合适,1.0
泡沫,用 清洗 过程+,好,1.0
头发,依然-,清爽,1.0
护发素,可以 使 头发 非常 的-,蓬松,1.0
洗发水,的 质量 很-,好,2.0
洗发水,在 入手 这 款+,幸好,1.0
洗完,头发 很 清爽-,舒服,1.0
头发,出油 很-,严重,1.0
洗完,头 很-,舒服,1.0
质量,也-,很好,1.0
追评,之前 发质 很-,差,1.0
去屑,没有 以前-,好,1.0
销量,好 口碑-,好,1.0
洗起来,很-,舒服,1.0
味道,很 香 很 香 很-,香,1.0
追评,用 起来 真的-,很大,1.0
正装,和 送 的 小样 洗起来-,完全,1.0
体验,很-,好,1.0
油腻,几天 都 不+,好,1.0
洗发,效果 也 特别 的-,好,1.0
广告,打 的-,挺好,1.0
包装,很-,好,28.0
气味,味道-,好,2.0
气味,味道-,不错,2.0
洗头,就-,容易,1.0
功能丰富,实用 且-,精妙,1.0
感觉,特别-,舒适,1.0
洗完,之后 头发 也 很-,滑顺,1.0
洗发水,味道 真的 很-,香,1.0
洗发水,一样 是-,浓稠,1.0
控油,能力 很-,不错,1.0
推荐,朋友 给 我+,幸好,2.0
商品,气味 香味 很-,清新,1.0
头发,上 的 油污 也 洗 的 很-,干净,1.0
洗完,的 头发-,清爽,1.0
改善,洗发水+,舒爽,1.0
香味,也-,不错,6.0
水润,而且 搭配 使用+,好,1.0
推荐,的 很-,不错,1.0
外观设计,简约 而 不失-,优雅,1.0
追评,还-,不错,1.0
头发,都 被 呵护 得 很-,好,1.0
洗头,的 时候 很-,温和,1.0
洗发水,之后 还 可以 隔个 一两天-,好,1.0
头发,也 不会 特别-,涩,1.0
气味,真实 很-,香,1.0
洗完,头皮 不会-,干痒,1.0
效果,比 一般 的 要-,好,1.0
洗发水,了 家里 正好+,久,1.0
洗完,之后 头皮 特别-,清爽,1.0
质量,很 好 使用 后 效果 很 是-,不错,1.0
洗发水,爱 这个+,大,1.0
效果,都 很-,一般,1.0
追评,不要 靠近 会 变得 不幸 刚 开始 洗 还-,挺好,1.0
包装,很-,完整,2.0
发膜,也 很-,好,1.0
洗发水,好 用 清洗 过程 泡沫 丰厚-,细腻,1.0
整体,感觉 控油 力度 还是-,不错,1.0
洗完,头发 清爽-,蓬松,1.0
时代,真的 是 销量-,高,1.0
去屑,能力 很-,强,1.0
去屑,的 已经-,好,1.0
头油,的 更-,快,1.0
回购,的 还有 控油-,蓬松,1.0
产品,完好无损-,坏,1.0
追评,洗完 头发 很-,清爽,1.0
洗发水,感觉 非常-,不错,2.0
商品,用 着-,不错,1.0
头发,柔顺-,光滑,1.0
洗发水,看上去-,高大,1.0
香味,不是 特别-,浓,1.0
好用,发现 蛮+,完后,1.0
洗发水,的 效果 很-,好,2.0
包装,也-,很大,1.0
头皮屑,越来越 多 了 太-,差,1.0
商品,气味 一直 用 他家 洗发水 特别-,柔顺,1.0
洗完,吹干 头顶 都-,蓬松,1.0
头发,柔顺 不-,干涩,2.0
洗发水,让 我 的 头发 变得-,柔顺,1.0
头发,都 感觉-,清爽,1.0
控油,效果 巨-,好,1.0
头油,也 比较-,大,1.0
头皮,不 贴+,清爽,2.0
希望,这个 洗完 之后 效果-,好,1.0
洗发水,几次 的+,好,1.0
效果,这么-,好,1.0
客服,服务态度 特别-,好,1.0
洗护,效果-,不错,1.0
洗完,头发 也 很 顺滑-,柔软,1.0
孩子,说 控油 效果-,好,1.0
感觉,控油 力度 还是-,不错,1.0
头屑,去+,干燥,1.0
环境,清爽-,舒适,1.0
发现,很-,好,1.0
洗发水,了 没用过 这么 差 的+,差,1.0
好评,以为 东西 还-,不错,1.0
感觉,油腻 不-,舒服,1.0
洗完,后 头发 第三天 都 是-,蓬松,1.0
体验感,的+,很好,1.0
头皮屑,的 去+,很好,1.0
发质,慢慢 的 都 在-,明显,1.0
格局,能 把 产品 做-,大,1.0
洗完,的+,柔顺,1.0
洗发水,非常-,不错,1.0
效果,就 看到+,容易,1.0
洗发水,控油 效果 巨-,好,1.0
控油,效果 都 有-,很高,1.0
发膜,效果-,不错,1.0
控油,效果 真的 让 我-,惊喜,2.0
头发,保持-,健康,1.0
洗完,后发 质 很-,蓬松,1.0
发现,控油 效果 比 一般 的 要-,好,1.0
头发,发量 的+,巨显,1.0
头皮,太-,痒,1.0
效果,超级-,好,1.0
产品,以后 很-,舒服,1.0
头皮,被 彻底-,清洁,2.0
追评,这个 商品 用 的-,确实,1.0
物流,非常-,快,3.0
产品,的+,不同,1.0
过程,用 清洗+,好,1.0
整体,控油 效果 很-,不错,1.0
洗发水,的 效果 真的 很-,好,2.0
适合,自己 的 洗发水 不仅 可以 让 头发-,健康,1.0
香味,挺-,浓郁,1.0
性价比,这么-,高,1.0
味道,很 好闻 用 了 效果-,不错,1.0
控油,的 没有 说 的 那么-,好,1.0
油头,真的 很-,友好,1.0
洗发水,真的 给 了 我 很大 的-,惊喜,1.0
控油,力度 还是-,不错,1.0
打开,闻 了 一下 味道 挺-,好,1.0
头皮,都 清洗 的 很-,干净,1.0
效果,也 非常-,好,1.0
购买,多次+,好,2.0
显得,格外 的-,漂亮,1.0
洗完,头发 确实 很-,蓬松,2.0
护发素,用 完 头发 不是 那种-,软软,1.0
花香调,香味-,清新,2.0
希望,一样-,好,2.0
好用,且 泡沫-,丰富,1.0
商品,气味 非常-,好,1.0
泡沫,都 是 绵密-,细腻,1.0
关键,是 量 挺-,大,1.0
效果,特别 好 洗完 头发 很-,清爽,1.0
头发,很 顺 蓬松度 也 很-,高,1.0
喜欢,它 的-,清新,1.0
感觉,不-,舒服,1.0
改善,的+,明显,3.0
吸收,很-,好,2.0
洗发水,头皮 太-,痒,1.0
洗完,很 舒服 很-,清爽,1.0
洗发水,的 控油 效果 真的 很-,好,2.0
过程,感觉 头皮 特别-,清爽,1.0
效果,确实 有-,惊艳,1.0
洗发水,的 成分 很-,好,1.0
追评,去 油 去屑 效果-,很好,1.0
头油,很-,慢,1.0
拿到,货 今天 用 了 一下 很-,不错,1.0
头皮,感觉-,舒适,1.0
洗完,的+,蓬松,1.0
商品,气味 可以 挺-,好,1.0
整体,感觉 还-,不错,1.0
商品,气味 蛮 清新 的 味道 也 不会 太-,浓,1.0
气味,闻 着-,舒服,1.0
好闻,用 了 效果-,不错,1.0
头发,的 感觉 到+,明显,1.0
商品,气味 味道-,不错,2.0
控油,效果 也 是-,很好,1.0
感觉,都 很-,清爽,1.0
效果,是 我 用过 的 效果 最-,明显,1.0
还长,了-,小,1.0
淘宝,购物 来 让 我-,最满,1.0
洗完,后 头发 一 整个-,蓬松,1.0
头发,很-,枯燥,1.0
洗发水,香气 很-,香,1.0
洗发水,的 要求 一直 很-,高,1.0
头发,的 洗完+,蓬松,1.0
头皮屑,是+,完全,1.0
顺滑,且-,清爽,1.0
洗完,头发 很-,香,4.0
价格,差不多 但 没有 这个 品牌 的 量-,大,1.0
服务态度,也 很-,好,4.0
体验,更加 舒适-,愉悦,1.0
心情,都 变得-,好,1.0
绵密,细腻 的 泡泡 在 头皮 上 按摩 很-,舒服,1.0
洗发水,让 我 的 头发 变得 很 蓬松-,清爽,1.0
洗发水,控油 去屑 效果-,不错,1.0
找到,了 头油 原因 后-,直接,1.0
洗发水,气味-,清新,1.0
用过,最-,难用,1.0
好用,说 一 嘴 护发素 也 很+,顺便,1.0
头皮,都 可以 体验 到 三四天 一 洗 的-,快乐,1.0
优惠,掌柜 给 个+,麻烦,1.0
香味,也 挺-,香,1.0
追评,刚刚 洗完 头 就 感觉 头皮 特别-,清爽,1.0
留香,时间 很-,久,1.0
控油,和 去屑 的 效果 都 是-,很好,1.0
气味,还-,不错,3.0
洗完,头发 超级-,清爽,1.0
头发,不-,容易,1.0
洗完,后 很-,清爽,1.0
红色,的 比较 香味-,偏,1.0
控油,也 不-,蓬松,1.0
效果,真的 很-,强,1.0
变得,很 柔顺-,好,1.0
头发,掉 的-,厉害,1.0
泡泡,多 而-,细腻,1.0
泡沫,细腻 且-,易,1.0
商品,气味 很-,香,23.0
洗发水,真的 是 我 的 心头-,好,1.0
泡沫,绵密-,丰富,1.0
评论,几天 才+,好,1.0
头发,非常-,痒,1.0
体验,的 购物+,不错,1.0
产品质量,我 就 会 给 好评 宝贝+,不错,1.0
洗发水,真的 特别-,好,2.0
洗完,头发 干净-,清爽,1.0
洗完,了 以后 头发 非常 的-,蓬松,1.0
吹干,味道 还 很-,香,1.0
希望,诗诗 永远 都-,好,1.0
洗发水,香味-,不错,1.0
泡沫,用+,好,1.0
追评,不 贴 头皮 真的-,很爽,1.0
洗完,头发 很-,清爽,12.0
质量,挺-,好,4.0
头发,保持 长时间 的-,清爽,2.0
代言,的 就-,好,1.0
头发,的 不仅 可以 去除+,最好,1.0
洗发水,她 说 控油-,不错,1.0
收到,也 是-,完好,1.0
洗完,头发 真的 就 很-,柔顺,1.0
出油,又 有 头屑 是 真的 很-,烦人,1.0
洗发水,非常 不错 很-,香,1.0
头发,出油 也 变得 越来越-,慢,1.0
总体,性价比 很-,高,1.0
购买,我 早早+,幸好,1.0
香味,持久 度 很-,长,1.0
洗发液,使用 感受 非常-,不错,1.0
洗发水,用 后 头发 柔顺-,光滑,1.0
洗发水,的 使用 感 也-,很棒,1.0
洗完,头发 也 不会 特别-,涩,1.0
效果,的 控油+,很大,1.0
头发,还 挺-,蓬松,1.0
头发,可以 保持-,清爽,1.0
感受,的+,明显,1.0
效果,也 是 我 用过-,最好,1.0
控油,都 很-,不错,1.0
头皮,贴着+,完全,1.0
吹干,之后 头发 就 头发 都 巨-,蓬松,1.0
赠品,的+,小,1.0
洗发露,质量 真的 很-,好,1.0
头发,不-,干燥,7.0
味道,好-,香,5.0
追评,非常 好 非常 好 非常-,好,1.0
洗完,的 头发 清爽 又-,柔顺,1.0
洗完,很-,清爽,11.0
朋友,说 它-,挺好用,1.0
发乳,还-,不错,1.0
泡沫,来-,清洁,1.0
控油,能力 确实-,不错,1.0
喜欢,它 的-,温和,1.0
味道,非常-,香,1.0
洗发水,味道-,好,3.0
商品,气味 气味 很-,香,1.0
头皮屑,也 不会 有+,痒,1.0
好用,蛮+,确实,1.0
好闻,是 问 我 什么 洗发水 这么+,老,1.0
洗完,头发 之后 很 立体-,蓬松,1.0
追评,洗完 头 很-,干爽,1.0
头发,而且 搭配 使用 水润 亮泽 护发素 可以 使+,好,1.0
头皮,了+,清洁,2.0
效果,也-,一般,1.0
洗发水,真的-,好,4.0
头发,也 挺-,蓬松,1.0
洗发水,味道 特别-,好,1.0
头皮,真的-,很爽,1.0
控油,洗发水 味道 很-,清新,1.0
观念,和 格局 能 把 产品 做 大 做-,强,1.0
洗感,超级-,舒服,3.0
洗发水,质地-,浓稠,1.0
控油,效果 出乎意料 的-,好,1.0
头皮屑,大块 的+,好,1.0
赠送,了-,好,1.0
头发,都-,清爽,1.0
效果,让 我-,惊喜,6.0
好闻,还-,持久,1.0
泡沫,绵密 的+,好,1.0
赠品,也-,不错,2.0
刺激,无+,温和,1.0
商品,气味 还-,不错,2.0
头发,在 清洁 后 依然 保持-,柔软,1.0
油腻,不-,舒服,1.0
洗完,之后 头皮 真的 很-,舒服,1.0
控油,的 效果 是 真的-,好,1.0
购买,的 时候 都 是-,直接,1.0
回来,拧开 闻 起来 很-,舒服,1.0
牌子,的 洗发水-,好,1.0
洗头,也 很 干净 性价比 很-,高,1.0
头发,重新 焕发 出-,健康,1.0
实惠,的 东西 还 这么+,好,1.0
洗护,后 很-,柔顺,1.0
洗完,头顶 是 真的-,蓬松,1.0
控油,效果 真的 很-,持久,2.0
头发,之后 也 很-,柔顺,1.0
洗发水,特别-,好,10.0
价格,的 很 满意+,好,1.0
发根,洗 的 超级-,干净,1.0
成分,很-,温和,2.0
追评,巨巨-,巨好用,1.0
产品质量,挺-,好,1.0
洗完,头-,痒,2.0
喜欢,基本 熬夜 打游戏 都 可以 隔上-,好,2.0
高端,大气 上档次 非常 好用 很-,柔顺,1.0
洗完,头发 也-,很顺,1.0
上买,的 性价比 很-,高,1.0
洗发水,的 这款 香味 是 我-,最爱,1.0
期待,不 辜负 我 的+,完全,1.0
追评,非常 好 非常-,好,1.0
头发,非常-,干净,2.0
洗发水,控油 效果 非常-,好,2.0
回购,的 这 一家 已经 回购-,好,1.0
试用装,洗 着 挺好 的 头发 很-,柔顺,1.0
头发,是 掉 得-,少,1.0
喜欢,的 东西 就 会 复制 这段话 还 会-,认真,1.0
回购,用 已经+,好,1.0
感觉,让 我+,蓬松,1.0
收到,了 非常-,好,1.0
洗完,头发 闻 起来 很-,清新,1.0
洗发水,的 洗感 真的-,很棒,1.0
实惠,的 价格 能 买到 这么-,好,2.0
上头,也 很-,温和,1.0
洗发水,清洁力 和 控油 都 很-,不错,1.0
变得,清爽-,柔顺,1.0
头皮,配方 对+,温和,1.0
评用,了 一次 头皮-,干净,1.0
购买,哦 值得+,好,1.0
商品,包装-,严实,1.0
感觉,真的 很-,不错,1.0
回购,率 特别-,高,1.0
洗完,的 不至于+,不错,1.0
味道,比较-,淡,1.0
追评,头发 总是-,毛躁,1.0
洗完,头-,大,1.0
洗完,后 头发-,明显,1.0
洗完,特别-,清爽,2.0
头顶,很-,清爽,1.0
洗发水,的+,巨好用,1.0
追评,洗发水 洗 得-,头痒,1.0
头发,感觉 很-,好,1.0
洗发水,挖到 了 这款+,幸好,1.0
产品质量,很-,好,3.0
力度,还是-,不错,1.0
洗完,头发 好-,难,1.0
到货,啦 质量-,不错,1.0
品牌,洗发水-,好,1.0
洗完,头发 就 知道 很-,舒服,1.0
牌子,的 洗发水-,确实,1.0
商品,气味 商品 气味 味道-,不错,1.0
洗感,温和-,舒适,1.0
洗完,头发 特别 特别-,柔顺,1.0
感受,到 了 三天 不 洗头 的-,快乐,1.0
保护,得 很-,好,1.0
脱发,了 发现 严重+,长,1.0
寻找,一款-,合适,1.0
不用,护发素 也 变得-,柔软,1.0
洗完,后 头发 的 蓬松 感 也 让 我-,惊喜,1.0
洗发水,红书 中 的 ehd+,小,1.0
头皮,也 感觉-,轻松,1.0
发货,很-,迅速,1.0
头发,还-,蓬松,1.0
洗发水,是 我 用过 的-,最好,1.0
洗完,头发 感觉-,确实,1.0
洗发水,洗完 头 真的 很-,蓬松,1.0
效果,比-,一般,1.0
洗发水,好 用 清洗 过程 泡沫-,丰厚,1.0
味道,都 非常-,好,1.0
洗完,发质-,柔顺,2.0
发现,确实-,好,1.0
成分,都 是 很-,安全,1.0
回购,多款 洗头膏 最好 还是 选择+,好,1.0
头发,都 非常 的-,温和,1.0
泡沫,也-,丰富,2.0
追评,这款 洗发水 颜值 很-,高,1.0
感觉,到 头发-,柔顺,1.0
头皮,都 感觉 清爽-,舒适,1.0
控油,的 味道 很-,香,1.0
快递,也 很-,完整,1.0
卖家,服务态度 也-,不错,1.0
洗完,之后 头发 超级-,蓬松,1.0
商品,气味 洗完 头发 很-,香,1.0
香氛,味道 没有 那么-,重,1.0
洗出来,很-,蓬松,1.0
旗舰店,买 很-,合适,1.0
感觉,挺-,好,2.0
绵密,留香 也-,挺久,1.0
好闻,很-,香,2.0
追评,洗完 头-,痒,1.0
头皮,都 很-,干净,1.0
卖家,服务态度 也-,很好,1.0
味道,也-,持久,1.0
卖家,且 易于 冲洗 洗 后 头发 顺滑+,丰富,1.0
发膜,贴心 还 送 了 两袋+,好,1.0
经营,观念 和 格局 能 把 产品 做 大 做-,强,1.0
头发,出 油-,严重,1.0
洗发露,质量 也 超级-,好,1.0
头发,总是-,毛躁,1.0
东西,比 我 想象 中 的 还要-,完美,1.0
商品,气味 那个 去 油 的 很-,香,1.0
感觉,还-,不错,23.0
去屑,多种+,好,1.0
头发,头皮屑-,少,1.0
商品,气味 气味-,温和,1.0
洗发水,的+,一般,1.0
洗完,头发 很 蓬松-,柔顺,1.0
变得,很-,柔顺,1.0
头发,洗 的 很-,干净,1.0
改善,的 有+,明显,1.0
用用,还-,不错,1.0
足够,的 泡沫 来-,清洁,1.0
好评,不错 洗 了 两天 也-,不痒,1.0
口碑,很-,不错,1.0
冲洗,的 很-,干净,1.0
泡沫,绵密 我 大 油头 洗完 之后 头发 真的 很-,蓬松,1.0
客服,问题+,小,1.0
控油,效果 很-,不错,5.0
洗发水,巨好用 的+,巨巨,1.0
包装,特别-,好,1.0
时间,也 比较-,长,1.0
买来,用 了 一阵子 下来 效果 确实 有-,惊艳,1.0
头发,干 了 看起来-,好,1.0
好闻,味道 很+,蓬松,1.0
头发,变得 很-,蓬松,1.0
满意,亮泽 很+,柔顺,1.0
发现,头皮 真的 比 之前 会-,轻松,1.0
头发,感觉 很-,蓬松,1.0
洗发水,用 过后 很-,清爽,1.0
头发,的 油腻感-,明显,2.0
头发,还是 巨-,蓬松,1.0
洗完,效果 好 很-,不错,1.0
洗发水,的 和 去屑 的+,蓬松,1.0
控油,的 都 非常-,好,1.0
秀发,很-,柔顺,1.0
头皮,还 特别-,痒,2.0
头发,得到 了-,很好,2.0
油头,头皮屑 的 、+,长,1.0
感觉,也 很-,不错,2.0
洗完,很-,蓬松,16.0
头发,还是 很 清爽-,蓬松,1.0
舍友,的 又-,香,1.0
头皮,洗 的 很-,干净,1.0
追评,拍 了-,好,1.0
姐妹,的+,犹豫,1.0
洗完,不-,清爽,1.0
感觉,至少-,蓬松,1.0
洗完,还-,蓬松,2.0
买来,用 过 确实-,不错,1.0
颜值,挺-,高,1.0
试用,后 发现 很-,好,1.0
洗发水,相当-,好,1.0
商品,气味 气味-,好,1.0
味道,还 很-,香,1.0
姐妹,们 也 要-,慎重,1.0
洗发水,不仅 控油 效果-,好,1.0
能力,确实-,不错,1.0
太棒了,每 差 一步 都 是 惊喜 和-,喜悦,1.0
救星,的 洗发水 真的 是 头发 的+,好,1.0
冲洗,时 很-,容易,1.0
推荐,买 的 说 很-,香,1.0
物流,也-,快,3.0
头发,有 很棒 的-,清洁,1.0
追评,我-,直接,1.0
感觉,第二天 头发 不-,清爽,1.0
头皮屑,是 起+,老,1.0
肥皂,都 没 这么-,大,1.0
皮屑,确实-,少,1.0
洗完,的 头发 很-,清爽,1.0
头发,还是 保持-,干爽,1.0
想象,中 的 还要-,完美,1.0
洗完,头发 很润 很-,蓬松,1.0
发现,控油 效果-,确实,1.0
头发,控油 效果 确实-,不错,1.0
控油,洗发水 效果 都-,一般,1.0
洗完,第二天 就-,痒,2.0
头发,非常-,清爽,1.0
试试,所以 买来+,好,1.0
期待,超出 了 我 的+,完全,1.0
洗完,之后 特别 干净-,清爽,1.0
头发,真的 又-,柔顺,1.0
喜欢,这种-,干爽,1.0
头发,轻盈 不-,沉重,4.0
效果,的+,好,1.0
回购,来+,直接,1.0
洗完,头发 蓬松 还-,顺,1.0
价格,挺-,好,1.0
赠送,的 发膜 效果-,不错,1.0
感觉,用 了 还-,不错,1.0
洗感,非常-,舒服,1.0
先用,了-,丰盈,1.0
感觉,更加-,柔软,2.0
感觉,非常-,好,4.0
有用,产品 洗 个 两三天 就 会+,一般,1.0
感觉,第二天 头发 不 清爽 还 头皮-,痒,1.0
花香调,更是 让 人 心情-,愉悦,1.0
香味,让 我 每次 洗发 都 感到 心情-,愉悦,1.0
拥有,蓬松-,高,1.0
心情,的 头发 让 人+,蓬松,1.0
控油,洗发水 用 着 挺-,好,1.0
改善,了 我 的 头皮-,健康,1.0
头发,在-,自由,1.0
护发,数 人+,绝大,1.0
洗发水,便携+,小,1.0
洗头,效果-,不错,2.0
洗完,头发 真的 很-,蓬松,2.0
正装,回购 的+,直接,1.0
用过,还-,挺好,1.0
控油,效果-,很棒,2.0
控油,的+,有效,1.0
气味,气味 很-,香,1.0
洗发水,看着 很-,不错,1.0
顺滑,很-,香,1.0
头发,油头 洗完 之后+,大,1.0
洗完,头 之后 特别-,舒服,1.0
去屑,效果 味道 什么 的 都-,不错,1.0
收到,也-,快,1.0
洗起来,也 特别-,舒适,1.0
气味,味道 非常-,好,1.0
洗发水,用-,完后,1.0
回购,过-,好,2.0
头发,又 顺 又 香 还-,蓬松,1.0
追评,特别-,好,1.0
洗发水,量-,很大,1.0
包装,很-,一般,1.0
清香,很+,不错,1.0
洗发水,给 我 安利 了 这款+,直接,1.0
效果,的 同时 也 有-,蓬松,1.0
洗发水,的+,好,3.0
洗完,头发 很-,柔软,1.0
发质,清爽-,蓬松,1.0
头发,非常-,蓬松,4.0
评论,都-,不错,1.0
洗发露,质量 很-,好,1.0
发货,贼-,快,1.0
感觉,地+,清楚,1.0
时间,超级-,快,1.0
洗完,之后 头发 特别-,舒爽,1.0
头发,特别-,容易,1.0
洗发水,的 香味 也-,不错,1.0
光泽度,很-,高,1.0
头发,不仅-,毛躁,1.0
洗发水,感觉 这 款+,明显,1.0
效果,没有 控油 的+,根本,2.0
洗完,很-,干痒,1.0
头发,也 炒 鸡 的-,蓬松,1.0
发膜,也 很-,香,1.0
上能,买到 质量 这样-,好,2.0
适合,感觉 这 款 洗发水 没有 清扬 更加+,明显,1.0
洗发水,和 护发素 是 我 用过-,最差,1.0
洗发水,是 朋友 使用 以后 觉得-,不错,1.0
洗发水,控油 的 特别-,好,1.0
自用,都 是-,不错,1.0
头发,也 不-,干燥,2.0
物流,快 收到 也 是-,完好,1.0
体验感,很-,好,2.0
好闻,味道+,很棒,1.0
头发,变得 更加-,柔顺,2.0
说用,了 头发-,挺顺,1.0
发质,是 那种-,细软,1.0
追评,个人感觉-,挺好用,1.0
洗发水,性价比 很-,高,2.0
头发,他 不-,蓬松,1.0
气味,气味 很-,细腻,1.0
头皮,的 每 一个 毛孔 都 被-,清洁,1.0
洗发水,可以 保持-,好,1.0
焕发,出-,健康,1.0
控油,效果 真的 很-,强,1.0
追评,真的 特别 特别-,难,1.0
商品,气味-,差,1.0
回购,这 是 第二次+,不错,1.0
感觉,好-,蓬松,1.0
感觉,的+,干爽,1.0
味道,也 特别-,好,1.0
洗发水,使用 感 特别-,好,1.0
头皮,很-,舒服,6.0
包装,太-,简陋,1.0
朋友,推荐 客服 很-,好,1.0
洗完,后 留香-,持久,1.0
购买,用 着 很-,柔顺,1.0
追评,我-,一般,1.0
头发,都 有 很-,严重,1.0
洗完,头发 之后 非常-,蓬松,1.0
建议,大家 买-,柔顺,1.0
气味,蛮 清新 的 味道 也 不会 太-,浓,1.0
泡沫,丰厚-,细腻,1.0
洗出,的 头发 很 蓬松-,柔顺,1.0
发丝,也 是 很-,干净,1.0
绵密,泡沫+,好,1.0
发质,也 变得 更加 健康-,亮丽,1.0
清洁力,非常-,强,1.0
洗完,头 就 感觉 头皮 特别-,清爽,1.0
收到,了 包装-,完好,1.0
洗发水,洗完 头发 真的 很-,蓬松,1.0
改善,油头 现在 明显 有 了+,大,1.0
味道,太-,大,1.0
发膜,还 送 了+,惊喜,1.0
追评,个人 觉得 挺-,好,1.0
头发,蓬松-,持久,1.0
洗发水,味道-,不错,2.0
头发,比较-,柔顺,1.0
控油,效果 让 人-,惊喜,1.0
控油,的 时间-,长,1.0
价格,还-,不贵,1.0
感觉,头发 在-,自由,1.0
不算,很-,低,1.0
感觉,更加-,健康,1.0
控油,效果-,最好,4.0
吹干,以后 是-,蓬松,1.0
感觉,整个 头皮 都 清洗 的 很-,干净,1.0
产品,那样 过于-,浓烈,1.0
顺滑,卖家 服务 也 周到 发货 速度-,快,1.0
代言,的 东西 果然 不会-,差,1.0
洗完,头发 非常-,蓬松,1.0
追评,之前 头发-,老,1.0
包装,很-,精美,1.0
产品,控油 效果 很-,好,1.0
完发,质-,柔顺,1.0
发膜,就 不 需要 用 护发素 和+,根本,1.0
经济,实惠 性价比 很-,高,1.0
洗完,几天 不 洗头 都 还 挺-,蓬松,1.0
外观,感觉 还-,不错,1.0
洗发水,泡沫 非常-,细腻,1.0
护发素,是 我 用过 最差-,最差,1.0
变得,既 干净 又-,柔顺,1.0
洗完,能 感觉 整个 头皮 都 清爽-,干净,1.0
洗完,头发丝 都-,干净,1.0
洗发水,的 控油 蓬松 效果 真的-,不错,1.0
感觉,控油 力度 还是 不错 的 不至于 洗完-,黏腻,1.0
香味,和 控油 效果 都 有-,很高,1.0
包装,也-,完整,1.0
推荐,的 这款 亲测-,有效,1.0
洗发水,的 一款+,柔顺,1.0
评价,看到 这 款+,正巧,1.0
发膜,也 非常-,好,1.0
花香调,清新 而-,持久,1.0
洗完,后 头发 变得-,柔顺,1.0
追评,洗完 头发 很-,蓬松,1.0
效果,是 真的 好 泡沫 绵密 我-,大,1.0
洗发水,是 我 想要 的+,确实,1.0
洗完,头发 后 清爽-,舒适,1.0
感觉,是 贴 在 头发 上 的+,老,1.0
头皮,也 没有-,痒,1.0
头发,感觉 更加-,健康,1.0
头发,就 更-,干净,3.0
赠品,很-,香,1.0
洗发水,的 一款+,最差,1.0
商品,气味 气味 很-,细腻,1.0
气味,闻 着 也 还-,不错,1.0
头发,洗 过后 很-,柔顺,1.0
效果,确实 是 很-,好,1.0
产品,挺-,好,1.0
洗完,不是 很 柔顺 也 不 太-,干燥,1.0
回购,用会+,好,1.0
小样,口子 是-,坏,1.0
洗完,也 不-,干燥,1.0
区别,的 洗发水 会 有+,合适,1.0
洗发水,洗 得-,头痒,1.0
洗发,时 感觉-,温和,1.0
头发,出 油-,明显,1.0
味道,真的 很-,香,1.0
卖家,服务态度 很 好 物流-,快,1.0
洗发水,的 效果 是-,最好,1.0
头皮,和 头发 都 非常 的-,温和,1.0
体验,很-,不错,1.0
按摩,地+,温柔,2.0
小样,出门 的 时候 鞋带-,方便,1.0
头发,明显 感觉 掉-,少,1.0
洗发水,的 控油 效果 真的-,很棒,1.0
头发,变得-,清爽,4.0
洗发水,都 不会 有 这么-,好,1.0
洗完,头发 感觉 至少-,蓬松,1.0
头发,在 洗完 后-,明显,1.0
追评,终于 不用 承受 满头 雪花 的-,痛苦,1.0
商品,气味 很-,清淡,1.0
质感,也 变得 更加-,柔顺,2.0
颅顶,秒 变高+,直接,1.0
减少,很-,明显,1.0
头发,还是-,蓬松,1.0
头发,都 很 干爽-,蓬松,1.0
回购,已经+,好,1.0
赠品,类型 的+,不同,2.0
好看,很-,好,1.0
泡沫,挺 绵密-,丰富,1.0
去屑,情况 也 很-,好,1.0
头发,不油 比较-,舒服,1.0
品质,、 做工 都 非常-,好,1.0
同事,说 超级-,好,1.0
洗完,之后 感觉 特别-,清爽,1.0
追评,非常 好 非常 好 非常 好 非常-,好,1.0
产品,期待-,好,1.0
客服,服务态度 很-,好,1.0
洗发水,这个-,柔顺,1.0
感觉,头发 比 以前-,蓬松,1.0
发丝,也-,柔顺,1.0
洗发水,控油 效果 真心-,不错,1.0
洗完,头发 都 很-,蓬松,2.0
选择,非常-,谨慎,1.0
洗发水,收到 了 特别-,好,1.0
洗发水,真的-,很棒,1.0
洗发水,真好-,很好,1.0
洗完,后 头发 的-,蓬松,1.0
味道,清新 的 让 人 心情 很-,愉悦,1.0
控油,效果 也-,挺好,1.0
能力,也 超级-,好,1.0
时间,长 了 发现-,严重,1.0
超市,都 要-,小,1.0
头皮,不怎么-,痒,1.0
好闻,味道 很+,不错,1.0
到货,时间 超级-,快,1.0
洗完,头 很-,清爽,1.0
产品,中 效果-,最好,3.0
香气,很-,舒服,1.0
流动性,都 很-,好,1.0
气味,味道 很-,清新,2.0
洗完,可以-,明显,1.0
追评,大油头 的 救星 对 油头 真的 太-,友好,1.0
改善,的+,很好,2.0
味道,还-,不错,6.0
感觉,到 头皮 被-,温和,1.0
洗完,头 没多久 就 可以 头皮-,痒,1.0
控油,用+,好,1.0
头皮,感觉 很-,清爽,1.0
洗完,头 还-,清爽,1.0
商品,气味 洗发水 很-,好,1.0
洗发水,不光 控油 效果-,好,1.0
发膜,效果 很-,好,1.0
头发,细软 的 人 用 着-,好,1.0
小瓶,感觉-,不错,1.0
成分,考虑 产品 的+,仔细,1.0
感觉,的+,明显,1.0
头发,又 巨显 发量 的+,蓬松,1.0
改善,有 了+,明显,1.0
出门,带 着-,方便,1.0
头皮,都 清爽-,干净,1.0
高考,的 时候 头发 都 没掉 这么-,快,1.0
商品,气味 蛮-,清新,1.0
头发,很润 很-,蓬松,1.0
商品,气味 非常-,不错,1.0
香氛,洗发水 不仅 能-,有效,1.0
总体,来说-,挺好用,1.0
头发,也 挺-,柔顺,1.0
头皮屑,洗 一天 就-,痒,1.0
服务态度,堪称-,完美,1.0
洗发水,洗完 之后 实在 是 太-,香,1.0
洗发水,能够 彻底-,清洁,1.0
朋友,推荐 给+,疯狂,1.0
过用,着-,挺好,1.0
洗出,的 头发 很-,蓬松,1.0
头皮,很 干净-,清爽,2.0
刷到,的 都 是 说 这个-,好,1.0
能力,非常-,强,1.0
香味,瓶 还 不 知道 什么+,大,1.0
感觉,很-,香,1.0
区别,好-,大,1.0
头发,真的 摸 起来 巨-,柔软,1.0
洗发水,的+,棒,1.0
清香味,道 还-,不错,1.0
清水,好 很-,好,1.0
评用,着-,不错,1.0
洗完,头发-,干净,2.0
味道,很 香 很-,香,1.0
头发,也 变得 超级-,柔软,1.0
搭配,使用 水润 亮泽 护发素 可以 使 头发 非常 的-,蓬松,1.0
洗发水,是 朋友 使用 以后 觉得 很-,不错,1.0
气味,味道-,不重,1.0
客服,了+,错单,1.0
头皮,也 慢慢 的 不怎么-,痒,1.0
头皮,感觉 特别-,清爽,1.0
头发,特别 顺滑-,蓬松,1.0
效果,还-,挺好,1.0
评用,了 之后 第二天 就 头皮-,痒,1.0
控油,效果 也-,不错,8.0
洗头,几天 都 不用+,好,1.0
头发,超级-,柔顺,1.0
油腻,而且 不+,亮丽,1.0
洗发水,效果 很-,好,2.0
商品,气味 产品 特别-,好,1.0
头发,也 超级-,蓬松,1.0
商品,气味 味道 挺-,香,1.0
改善,的+,显著,1.0
洗发水,质量 很-,好,1.0
洗发水,的 控油 效果 让 我-,惊喜,3.0
效果,特别-,好,9.0
不用,天天 洗头 的-,快乐,1.0
去屑,的 感觉-,挺好用,1.0
客服,服务态度 也 很-,好,1.0
物流,信息 也-,快,1.0
购物,真是-,完美,1.0
头发,后 喜欢 这种 干爽 和-,清爽,1.0
价格,也-,不贵,6.0
味道,也 很-,舒服,1.0
发质,看起来 超级-,好,1.0
效果,让 人-,惊喜,1.0
选择,自己-,合适,1.0
头发,感觉-,确实,1.0
洗起来,很 舒服 很-,干净,1.0
用完,了 就 直接 用 了 非常 的 丝滑-,柔顺,1.0
感觉,头皮 很-,舒服,1.0
头发,也 能-,蓬松,1.0
重点,是 还 不会-,干涩,1.0
味道,比 之前-,香,1.0
感觉,确实 会-,蓬松,1.0
头发,经常 出油 又 有 头屑 是 真的 很-,烦人,1.0
洗完,之后 头发 轻盈-,蓬松,1.0
说用,着 还-,不错,1.0
气味,味道 很-,香,5.0
洗完,之后 头发 又 顺 又 香 还-,蓬松,1.0
希望,能 有-,蓬松,1.0
洗发水,对 我 的 发质 来说 效果 特别-,好,1.0
效果,和 润滑 度 都-,不错,1.0
出门,的 时候 鞋带-,方便,1.0
楼层,而且 又 不-,高,1.0
头皮,头发+,干净,1.0
头发,出 油 特别-,厉害,1.0
头发,很-,舒服,3.0
成分,很-,安全,1.0
清洁力,确实 很-,强,1.0
洗发水,生产日期 挺-,新,1.0
总体,还-,不错,1.0
头发,柔顺 不-,毛躁,1.0
正品,不是+,根本,1.0
经典,款 我 觉得 还-,不错,1.0
头皮,瞬间 都 感觉-,清爽,1.0
洗完,头发 不油 比较-,舒服,1.0
头皮,洗完 之后 感觉 特别-,清爽,1.0
质感,有+,蓬松,1.0
产品,的 一款+,很高,1.0
香气,的+,浓郁,1.0
头发,很 蓬松-,柔软,1.0
口碑,还-,不错,1.0
客服,讲解 的 很-,耐心,1.0
包装,不是 很-,好,1.0
试用,过 这个 控油-,蓬松,1.0
追评,去 油 效果 很-,好,1.0
活动,价 还-,便宜,1.0
洗完,头 蓬松度 很-,不错,1.0
追评,控油 非常-,差,1.0
洗头,真的 头发 很-,蓬松,1.0
洗发水,的 要求 特别-,高,1.0
广告,没有+,根本,1.0
控油,能力 很-,好,1.0
泡沫,丰富-,好,1.0
洗发水,很-,好,12.0
心情,很-,愉悦,1.0
洗发水,的 控油+,合适,1.0
泡沫,绵密 我-,大,1.0
控油,能力 很-,强,2.0
正品,质量 很-,好,2.0
头发,后 挺-,蓬松,1.0
追评,洗 了-,好痒,1.0
环境,也 比较-,友好,1.0
服务态度,也-,不错,1.0
客服,也 挺-,好,1.0
出色,的 控油 和-,清洁,1.0
洗完,头发 很-,柔顺,7.0
洗发,体验 更加-,愉悦,1.0
商品,气味 这 款 洗发水 真的 很-,不错,1.0
控油,洗发水 是 我 用过 的-,最好,1.0
洗发水,成分 很-,温和,1.0
包装,也 挺-,漂亮,1.0
洗发水,不仅 可以 让 头发-,健康,1.0
朋友,说-,挺好用,1.0
冲洗,且 易于+,丰富,1.0
头发,比较 干燥 洗 啦 很-,柔顺,1.0
搭配,用 特别-,好,1.0
商家,也 很-,好,1.0
洗出来,特别-,蓬松,1.0
油头,真的 太-,友好,1.0
产品,的 是+,重要,1.0
体验,的 清洁+,很棒,1.0
快递,包装 也 很-,好,1.0
净屑,效果-,好,1.0
头发,的 滋养+,有效,1.0
气味,这个 味道 太-,大,1.0
香味,的+,美妙,1.0
洗完,也 不会 太-,干燥,1.0
组合,都-,挺好用,2.0
感觉,款+,丰盈,1.0
头发,也 很 顺滑-,柔软,1.0
洗发水,的 泡沫 很 丰富 和 很-,容易,1.0
洗完,头发 感觉 头皮 很-,舒服,1.0
家姐,在 我家 洗头发 觉得-,不错,1.0
服务,也 很 好-,耐心,1.0
控油,去屑 效果 都-,不错,2.0
实惠,对 环境 也 比较-,友好,1.0
洗发水,且 不 破坏 头皮 健康 的+,高效,1.0
气味,气味-,好,1.0
头皮,有 一丝丝-,疼,1.0
商品,气味-,干净,1.0
瓶子,外面-,全,1.0
发丝,都-,充满,1.0
追评,泡沫 真的 很-,好,1.0
出油,出 的-,很慢,4.0
味道,很-,香,34.0
客服,给 推荐 的 这款 亲测-,有效,1.0
宝贝,很-,不错,2.0
包装,的 很-,严实,1.0
头发,也 很-,蓬松,7.0
洗完,头 不 需要 抹 发膜 就 很-,容易,1.0
东西,的+,好,1.0
好闻,的 对于 长 头发 妹子 来说 比较-,友好,1.0
观念,和 格局 能 把 产品 做-,大,1.0
感觉,量 有点-,少,1.0
感觉,特别-,干净,1.0
变得,超级-,柔软,1.0
头发,很-,滑顺,1.0
洗完,后 头发-,蓬松,5.0
感觉,头发 超级-,柔顺,1.0
头发,不-,干涩,3.0
洗完,头发 也 不-,暴燥,1.0
头发,都 被-,温柔,1.0
水润,亮泽 护发素 都 是 正品 质量 很-,好,2.0
打开,了 味道 还-,不错,1.0
洗发水,真的 是 救-,老,1.0
回购,用+,好,2.0
头发,好 几天 都 是-,蓬松,1.0
效果,真的 让 我-,惊喜,3.0
价钱,都 很-,合适,1.0
好闻,加上 持久 的-,蓬松,1.0
头发,最近 很-,蓬松,1.0
打开,看看 闻到 了 很 香 很-,香,1.0
洗发,后 蓬松-,柔软,1.0
洗发水,真的 给 了 我-,很大,1.0
洗完,头-,好,1.0
头发,洗完 第一天 一点 也 不-,蓬松,1.0
洗发水,袋子 的+,小,1.0
变得,更加 健康-,亮丽,1.0
洗完,的 头发 真的 摸 起来 巨-,柔软,1.0
洗发水,的+,挺好用,1.0
头发,能 持续保持-,干爽,1.0
味道,也 很-,好,2.0
感觉,效果-,不错,1.0
感觉,头皮 被-,温柔,2.0
洗发水,用 完 之后 三天 头发 还是 很-,清爽,1.0
包装,也 很-,精致,1.0
气味,特别-,好,1.0
香味,很-,重,1.0
效果,宣传 的-,蓬松,1.0
洗发水,让 我 告别 了 油头-,烦恼,1.0
头皮,清除+,有效,1.0
头发,蓬松-,舒服,1.0
太棒了,每 差 一步 都 是-,惊喜,1.0
买来,用 过-,确实,1.0
洗完,头发-,很滑,1.0
油腻,不会 有+,完全,1.0
洗完,头发 特别-,柔顺,1.0
商品,气味 质量 非常-,好,1.0
感觉,打开 闻 的 挺-,香,1.0
洗完,发质 蓬松 又-,柔顺,1.0
感觉,整个 头皮 都 清爽-,干净,1.0
感觉,太-,舒服,1.0
头发,只要 在 外面 洗头 就 容易-,长,1.0
洗发水,的+,便宜,1.0
味道,闻 起来 很-,舒服,1.0
洗发水,是 问 我 什么+,老,1.0
破坏,且 不+,高效,1.0
洗完,之后 头皮-,巨爽,1.0
东西,量-,很足,1.0
追评,控油 效果 很-,不错,1.0
洗完,头发 也 很-,柔顺,4.0
追评,头发 也 太-,柔顺,1.0
追评,在 他家 买 了-,好,1.0
服务,也 很-,好,3.0
洗发水,做到 了 深层 控油 效果 很-,好,1.0
追评,控油 效果 很-,好,3.0
洗发水,就是-,好,1.0
反复,回购-,好,1.0
效果,的 洗发水 可能 还 不 一定 有 它 的+,贵,1.0
洗发露,很-,香,1.0
实在,是 太-,香,1.0
上头,也 很-,舒服,1.0
宝贝,很-,好,3.0
头皮,地 洗去+,温和,1.0
头发,轻盈 不-,粘腻,1.0
洗发水,非常-,好,17.0
头发,也-,不痒,2.0
洗发水,可能 还 不 一定 有 它 的 效果-,好,1.0
香味,怡 人-,柔韧,1.0
尝试,了-,好,1.0
冲洗,掉 之后 就 会 觉得 头发 很-,好,1.0
头发,的+,挺好,1.0
好用,高端 大气 上档次 非常+,精美,1.0
头发,不再 那么-,容易,2.0
头发,也 变得 更加 顺滑-,柔软,1.0
头发,不是 那种-,软软,1.0
头发,都 很-,柔顺,1.0
追评,这款 洗发水 味道 非常-,香,1.0
气味,也 很-,香,2.0
洗发水,味道 很-,香,2.0
冲洗,好+,丰富,1.0
油腻,更加 不会 头皮-,痒,1.0
效果,不是 很-,好,2.0
头发,依然 保持 柔顺 和-,清爽,1.0
头发,也 没有 那么-,粗糙,1.0
头油,头-,痒,3.0
气味,商品-,不错,1.0
头发,不 那么-,容易,1.0
追评,只要 用 了 就 会 头皮-,痒,1.0
打开,味道 很-,香,1.0
喜欢,很+,不错,2.0
追评,体验感 很-,差,1.0
味道,是-,持久,1.0
头发,特别-,清爽,1.0
控油,到 好-,香,1.0
头皮,也 感觉 更加-,舒适,2.0
洗发水,的 功效 很-,好,1.0
评价,还-,不错,2.0
控油,效果 比-,一般,1.0
香味,也 很-,好,1.0
头发,可以 坚持-,小,1.0
发货,速度 好-,快,1.0
头发,有 很-,香,1.0
商品质量,很-,好,2.0
喜欢,很好 很+,不错,1.0
头发,特别-,柔顺,3.0
洗发水,泡沫-,丰富,3.0
追评,控油 我 感觉 还是-,不错,1.0
洗发,后 头发 变得 更加-,柔顺,1.0
不用,的 头发 很 柔顺 都+,挺好,1.0
追评,我 的 头发 一直 以来 都 容易 头油 头-,痒,1.0
推荐,给 我 说 很-,不错,1.0
头发,确实-,蓬松,1.0
头发,也 变得-,柔顺,2.0
显得,起来+,蓬松,1.0
香味,非常-,持久,1.0
洗完,头发 特别 顺滑-,蓬松,1.0
去屑,的 自用 发膜 也 用 了 很-,不错,1.0
发货,速度 也-,快,1.0
感觉,蓬松 的+,清爽,1.0
头皮,都 会 被 清洗 很-,彻底,1.0
了用,了 一下-,不错,1.0
能力,很-,强,6.0
洗出,了 痘痘-,很痛,1.0
东西,保护 得 很-,好,1.0
洗发水,可以 保持 好 几天-,蓬松,1.0
变得,更加-,柔顺,5.0
头皮屑,能力 很-,强,1.0
正品,怀疑 这 是不是+,严重,1.0
家人,都 觉得-,不错,1.0
关键,不-,伤害,1.0
商品,气味-,淡,1.0
味道,也 不会 太-,浓,1.0
洗发水,的 控油-,蓬松,1.0
洗完,发质-,蓬松,1.0
洗发水,真的 非常-,难,1.0
体验,到 了 不用 天天 洗头 的-,快乐,1.0
发缝,洗 的 超级-,大,1.0
头顶,都-,蓬松,1.0
洗发水,的 包装 很-,好,1.0
控油,效果 非常-,显著,2.0
洗发水,到货 啦 质量-,不错,1.0
头发,则 很 柔弱-,蓬松,1.0
感觉,头皮 被 彻底-,清洁,2.0
香味,的+,清新,1.0
追评,真心 推荐 我 洗发水 确实-,好,1.0
洗完,头皮 贼-,清爽,3.0
时间,数 人 护发 困扰 就是 没有+,绝大,1.0
感觉,比 之前 用过 的 洗发水-,好,1.0
好用,的 都+,柔顺,1.0
头发,很-,清爽,15.0
超市,现在 卖 的-,很火,1.0
只能,说-,温和,1.0
控油,效果 挺-,好,5.0
质量,不-,清楚,1.0
花香调,香味 让 我 每次 洗发 都 感到 心情-,愉悦,1.0
泡沫,比较-,细腻,1.0
商家,服务-,细致,1.0
去屑,能力-,强,1.0
头发,看起来 更加-,清爽,1.0
头发,特别-,干净,2.0
头发,不-,粘腻,1.0
洗发水,不错-,不错,1.0
包装,也-,完好,1.0
洗发水,的+,很好,2.0
味道,也 很 独特 香味-,持久,1.0
控油,的 洗 了 一次 了-,不错,1.0
头发,后 清爽-,舒适,1.0
香味,也 很-,清新,2.0
闺蜜,用 了 效果-,好,1.0
控油,力度 还是 不错 的 不至于 洗完-,黏腻,1.0
商品,气味 听 朋友 说 这款 洗发水 很-,好,1.0
洗发水,非常-,温和,1.0
不算,很-,贵,1.0
感觉,很-,蓬松,1.0
姐妹,们 泡沫 丰富-,细腻,1.0
气味,比较-,清爽,1.0
用过,的 控油 效果-,最好,3.0
发质,已经-,差,1.0
揉搓,很-,温和,1.0
洗完,头皮 感觉-,清爽,1.0
刺激,不+,温和,11.0
心情,无比-,舒畅,1.0
按摩,很-,舒服,1.0
控油,效果 和 去屑 效果 味道 什么 的 都-,不错,1.0
气味,蛮-,清新,1.0
泡泡,在 头皮 上 按摩 很-,舒服,1.0
评论,自发 的+,纯,1.0
感觉,头皮-,很痒,1.0
头发,更 持久-,清爽,1.0
感觉,每 一根 头发 都 被-,温柔,1.0
试用装,几袋+,好,1.0
商品,气味 真实 很-,香,1.0
洗完,头 好 香 好-,蓬松,1.0
头屑,也 很-,不错,1.0
控油,的+,好,2.0
追评,商品 用 着-,不错,1.0
洗发水,味道 很-,清新,2.0
洗发水,味道 好-,香,3.0
头皮屑,是 有+,老,1.0
头发,油腻 的-,烦恼,1.0
洗完,也 不-,蓬松,1.0
头发,比较-,细软,1.0
洗发水,用 了 头皮 过敏-,长,1.0
头皮,就-,痒,1.0
头发,好-,香,1.0
发现,了+,长,1.0
洗发水,的 一款+,高,1.0
头发,更加-,健康,4.0
香味,的+,香,2.0
头发,也 是 很-,蓬松,1.0
头发,终于 再也 不 油腻-,扁,1.0
洗发水,用 了-,挺好,1.0
头油,也-,少,1.0
感觉,像-,假,1.0
有用,而且 很+,舒服,1.0
评价,都 很-,好,1.0
洗发水,很-,香,15.0
感觉,根本 洗 不-,干净,1.0
喜欢,很+,香,1.0
头发,还 很-,香,2.0
头发,在 洗完 后 明显 清爽-,干净,1.0
效果,让 我 每天 都 能 保持 头发 的-,清爽,1.0
头发,非常 细顺-,光滑,1.0
头皮,不 伤+,温和,2.0
头皮,环境-,清爽,1.0
头发,尾部-,毛躁,1.0
用过,的 效果 最-,明显,1.0
配方,不仅-,清洁,1.0
洗发水,十分-,好,1.0
头皮,也-,不辣,1.0
洗发水,洗好 后 很-,柔顺,1.0
寻找,高效 且 不 破坏 头皮-,健康,1.0
头发,柔软+,蓬松,1.0
东西,收到 了 质量 很-,好,1.0
洗头,两三天 不+,连续,1.0
熬夜,油头-,严重,1.0
洗完,的 头发 很-,香,1.0
商品,气味 味道 还-,不错,2.0
头皮,且 不 破坏+,高效,1.0
洗发水,就 有-,很好,1.0
护发素,是 我 用过-,最差,1.0
试用品,觉得 很-,不错,1.0
情况,也 很-,好,1.0
感觉,头皮 很-,清爽,1.0
洗完,头 都 变-,清爽,1.0
泡沫,丰富 区-,细腻,1.0
洗完,头皮屑-,少,1.0
希望,商家 能够-,大,1.0
效果,挺 让 我-,惊喜,1.0
洗完,之后 头皮 洗 的 特别-,干净,1.0
连发,膜 都 不用 直接 洗完 就 超级-,柔顺,1.0
道理,有贵 的+,贵,2.0
洗完,头发 后 很-,蓬松,1.0
追评,洗发水 很-,不错,1.0
清洗,过程 泡沫-,丰厚,1.0
油性,头发 太-,友好,1.0
头皮,很-,舒爽,1.0
去屑,的 效果 也 很-,好,1.0
气味,挺-,好,2.0
头发,一-,蓬松,1.0
感受,非常-,不错,1.0
亮泽,护发素 都 是 正品 质量 很-,好,2.0
名星,代言 的 就-,好,1.0
洗发水,都 不会-,粗糙,1.0
喜欢,我 挺+,香,1.0
选择,洗发水 而-,烦恼,1.0
控油,蓬松 超级-,好,1.0
头发,很 顺滑-,清爽,1.0
脱发,太-,严重,1.0
包装,非常-,仔细,1.0
洗完,之后 头皮 很-,清爽,1.0
味道,也 挺-,香,1.0
头发,超级-,蓬松,2.0
洗完,头发 也 很-,舒服,2.0
礼物,能 买到 这么-,好,1.0
洗完,头 头发 很-,蓬松,1.0
订单,有点-,小,1.0
打开,气味 就 很-,香,1.0
头发,蓬松-,柔软,5.0
找到,一款 不油-,不腻,1.0
洗完,油头+,大,2.0
好评,宝贝 产品质量 很-,好,1.0
效果,是 真的-,好,2.0
洗完,头 真的 很-,蓬松,2.0
洗完,头发 超级-,蓬松,1.0
选择,适合 自己 的 洗发水 不仅 可以 让 头发-,健康,1.0
商品,气味 好闻 很-,香,1.0
洗完,之后 变得 更加-,丰盈,1.0
头发,挺-,清爽,1.0
店家,服务态度-,好,1.0
香味,特别-,敏感,2.0
洗发水,让 我 告别 了 每天 洗头 的-,烦恼,2.0
上洗,的 也 很-,干净,1.0
想要,天然-,高,1.0
洗出来,头发 也 不-,枯燥,1.0
头顶,发缝-,成功,1.0
气味,也 闻 得-,舒服,1.0
洗发水,都 是-,很大,1.0
追评,我 只能 说-,温和,1.0
头发,能-,蓬松,1.0
香味,很-,好,1.0
出油,也-,慢,2.0
头发,之后 非常-,蓬松,1.0
头皮,痒 的 特别-,厉害,1.0
洗发水,洗 的 非常 的-,清爽,1.0
头皮,地 感觉 到+,清楚,1.0
洗完,以后 头发-,柔顺,1.0
味道,太-,香,1.0
洗完,确实 头发 不 那么-,容易,1.0
头皮,真的 很-,舒服,1.0
感觉,特别-,清爽,2.0
头发,感觉 第二天+,明显,1.0
洗完,吹干 之后 头发 就 头发 都 巨 蓬松-,柔顺,1.0
头发,很 顺 味道 也 很-,香,1.0
洗出来,头发-,蓬松,1.0
感觉,清爽-,舒适,1.0
洗发水,不能-,单单,1.0
头发,会-,干燥,1.0
控油,效果 确实 是 很-,好,1.0
购买,物品 使用 的 效果-,不错,1.0
出油,也 没有 那么-,严重,1.0
头发,清爽 不-,粘腻,1.0
头发,也 变得 可-,柔顺,1.0
评用,了-,好,1.0
味道,没有 那么-,大,1.0
总体,感觉-,不错,1.0
喜欢,质量 很好 很+,好,1.0
头发,的 去除+,有效,1.0
头皮,巨-,干净,1.0
头发,出 油 情况-,明显,1.0
选择,多款 洗头膏 最好 还是+,好,1.0
能力,嘎嘎-,强,1.0
洗头,地 延长+,轻松,1.0
洗完,头发 感觉-,好,1.0
绵密,我-,大,1.0
评论,不+,一般,1.0
效果,贼-,强,1.0
洗完,头发 也 很 非常 的-,柔顺,1.0
油腻,不+,清爽,20.0
成分,也-,安全,1.0
回购,的 还有 赠品 闻 着 挺 香 用完 再+,挺好用,1.0
头发,没有 这么 油腻 更加 不会 头皮-,痒,1.0
头皮,导致+,清洁,1.0
油头,很-,友好,2.0
气味,洗完 后 头发 有 很-,香,1.0
味道,也 很-,清新,3.0
买来,所以+,好,1.0
洗完,头发 清洁 的 很-,干净,1.0
头发,几次 了 洗完 之后+,好,1.0
互联网,时代 真的 是 销量-,高,1.0
洗发水,儿 真心-,好,1.0
发货,速度-,好,1.0
效果,也 是 很-,不错,1.0
洗发水,的 质地 很-,好,1.0
产品,确实-,好,2.0
头皮,也 很-,舒服,2.0
追评,最 让 我-,惊喜,1.0
清香味,也 是 我 的-,最爱,1.0
沉浸,的 花香调 让 我 整天 都+,持久,1.0
泡泡,出+,容易,1.0
头发,塌+,细软,1.0
洗发水,是 我 用过 的 控油 产品 中 效果-,最好,3.0
洗发水,的+,难用,2.0
洗发水,控油 很-,好,1.0
控油,效果 比 一般 的 要-,好,1.0
头发,一 开始 是 有 一点点-,蓬松,1.0
感受,就是 控油 效果 真的 很-,好,1.0
头发,轻盈-,蓬松,1.0
买到,质量 这样-,好,2.0
头发,蓬松-,柔顺,4.0
护发素,都 不用 洗+,柔顺,1.0
试用装,洗 着-,挺好,1.0
东西,非常 的-,好,1.0
沉浸,在-,愉悦,1.0
香味,迷人 的+,蓬松,1.0
洗完,头 就-,痒,1.0
听说,用 了 可以-,很好,1.0
头皮,现在 也-,不痒,1.0
推荐,给+,好,1.0
收到,了 质量 很-,好,1.0
揉搓,质地 很丝 滑 轻轻+,好,1.0
留香,也-,挺久,1.0
功效,很-,好,1.0
洗发,非常-,清爽,1.0
洗完,头皮 很 干净-,清爽,2.0
质量,也 超级-,好,1.0
商品,气味 洗完 后 头发 有 很-,香,1.0
头发,感觉-,好,1.0
肯定,不会-,差,1.0
发现,头发-,蓬松,1.0
绵密,用 泡沫+,好,1.0
感觉,买-,贵,1.0
卡厘,洗发水 到货 啦 质量-,不错,1.0
朋友,们-,快,1.0
头发,既-,蓬松,1.0
头皮,清洁+,有效,2.0
控油,蓬松 都-,不错,1.0
效果,非常-,好,23.0
配方,的+,独特,1.0
表嫂,家用 了 觉得-,不错,1.0
洗完,头 都 感觉 头发 超级-,柔顺,1.0
商品,气味 挺-,好,2.0
洗完,头发 瞬间 清爽-,蓬松,1.0
起泡,质地 很丝 滑 轻轻 揉搓 几下 就+,好,1.0
控油,和 丰盛-,蓬松,1.0
头发,又 黑 又-,粗,1.0
商品,气味 两个 味道 都-,不错,1.0
味道,留香 很-,好,1.0
好闻,用 味道+,好,1.0
泡沫,也 是 细腻-,丰盈,1.0
洗完,之后 特别-,干净,1.0
出油,不 那么 爱+,明显,1.0
洗发,都 感到 心情-,愉悦,1.0
控油,到-,好,1.0
刺激,香味 不+,持久,1.0
朋友,推荐 的说 这款 洗发水-,不错,1.0
商品,气味 比 平时 要-,便宜,1.0
头发,明显 变得-,清爽,2.0
感到,头发 柔顺-,蓬松,1.0
效果,也-,挺好,1.0
追评,用过-,最难,1.0
出门,一点 都 不 觉得-,尴尬,1.0
头发,很 顺滑-,蓬松,2.0
洗完,之后 真的 很-,蓬松,1.0
效果,都 没有 这个-,好,2.0
回购,还 会 继续+,好,1.0
商品,用 的-,确实,1.0
性价比,更-,高,1.0
速度,非常-,快,3.0
喜欢,这 款 洗发水 的 泡沫 很 丰富 和 很-,容易,1.0
控油,洗完 头 后 特别 清爽-,舒适,1.0
增高,了-,好,1.0
发质,很-,差,1.0
价格,的+,便宜,1.0
头发,贼 清爽-,蓬松,1.0
洗头,就 容易-,长,1.0
香味,的+,浓郁,1.0
客服,的 态度 也 很-,好,1.0
去屑,效果 都 没有 这个-,好,1.0
追评,蓬蓬 的 头发 真的-,好,1.0
洗发水,对 我 这种 油头 真的-,友好,1.0
洗头,也 很-,干净,1.0
头发,好-,痒,1.0
头发,静电 也-,很大,1.0
洗完,头 之后 超级-,痒,1.0
打开,后 让 我-,惊喜,1.0
洗发水,和 护发素 是 我 用过 最差-,最差,1.0
洗完,后 也 很-,蓬松,1.0
正品,哈 效果 非常-,好,1.0
头皮,了 很多+,长,1.0
快递,也好-,快,1.0
功效,考虑 产品 的 成分 和+,仔细,1.0
追评,没有 对比 就 没有-,伤害,1.0
商品,气味 控油 的 没有 说 的 那么-,好,1.0
洗头,头发 都 有 很-,严重,1.0
洗发水,用 后 头发 非常-,蓬松,1.0
头皮,配方 不仅 清洁 了+,温和,1.0
头发,的+,蓬松,3.0
油头,的 姐妹 应该 能 理解 油 的 反光 的-,痛,2.0
清扬,感觉 这 款 洗发水 没有+,明显,1.0
洗完,头发 柔顺 自然-,清爽,1.0
油头,女孩子 的-,痛苦,1.0
朋友,推荐 的 这 一款 洗发水 效果 真心-,不错,1.0
态度,很-,积极,2.0
满头,头皮+,蓬松,1.0
头发,保持 了 一整天 的-,清爽,1.0
气味,很-,好,9.0
追评,这个-,柔顺,1.0
好闻,而且 留香-,久,1.0
感觉,头皮 的 每 一个 毛孔 都 被-,清洁,1.0
泡沫,也 很-,丰富,1.0
头发,瞬间-,清爽,1.0
介绍,说 还-,不错,1.0
发质,也 变得 更加-,健康,1.0
材质,很-,好,1.0
丝滑,用 柔顺+,好,1.0
商品,气味 让 人 闻 着 很-,舒服,1.0
洗发水,买 的 两瓶+,直接,1.0
回复,消息 很快 态度 也-,不错,1.0
追评,这款 控油 洗发水 用 着 挺-,好,1.0
洗发水,的 控油 效果 真的 让 我-,惊喜,2.0
卖家,服务 也 周到 发货 速度-,快,1.0
头发,洗 了-,容易,1.0
小样,就是 送 的+,不足,1.0
物流,速度 非常-,快,1.0
整体,感觉 性价比 很-,高,1.0
信息,也-,快,1.0
洗发水,的+,很高,2.0
家里人,说 这个 洗发水 特别-,好,1.0
头皮,都-,清爽,1.0
追评,这款 包装-,精致,1.0
洗完,之后 头发 特别-,粗糙,1.0
洗完,后 头发 清爽-,干净,2.0
商品,气味 洗起来-,舒服,1.0
价格比,超市-,便宜,1.0
控油,真+,确实,1.0
发质,蓬松 又-,柔顺,1.0
吹干,后 头发 非常 细顺-,光滑,1.0
刺激,而 不+,温和,1.0
希望,这次 一如既往 的-,好,1.0
体会,到 头发 不 出油 的-,快乐,1.0
适合,我 这种-,容易,1.0
赠品,也 超-,棒,1.0
控油,效果 真的 很-,好,5.0
价格,也 很 平价 用 着 不-,心疼,1.0
丝滑,用 了 非常 的+,直接,1.0
洗完,头发 很 清爽-,蓬松,1.0
控油,效果-,一般,2.0
洗发水,的+,合适,2.0
感觉,到 头皮 被 温和 地-,清洁,1.0
疙瘩,是不是 之前 买 了-,好,1.0
去屑,的 用着-,头痒,1.0
淘气值,的 增资-,长,1.0
效果,真心-,好,1.0
护发素,就 不 需要 用+,根本,2.0
出油,是 会+,老,1.0
控油,洗完 头发 巨-,蓬松,1.0
头发,就 掉-,一大,1.0
洗发水,用 完 之后 头-,痒,1.0
去屑,效果 真的-,不错,2.0
配方,的+,温和,1.0
客服,小姐姐 的 服务 也 很-,好,1.0
想象,中 的 要-,好,1.0
洗完,第一天 一点 也 不-,蓬松,1.0
头皮,也 不会-,痒,1.0
包装,非常-,好,2.0
洗发水,控油-,蓬松,2.0
头发,变得 更加-,健康,1.0
大气,上档次 非常 好用 很-,柔顺,1.0
洗完,头发-,很润,1.0
产品,的+,不错,3.0
洗完,后 明显 清爽-,干净,1.0
洗发水,的 配方 也 很-,温和,1.0
季节,使用 很-,合适,1.0
物流,快 包装-,好,1.0
洗完,很-,香,1.0
追评,遇见 一款 好 的 洗发水 真的 不-,容易,1.0
力度,很-,强,4.0
商品,气味 洗完-,挺顺,1.0
洗完,头 好 香-,好,1.0
改善,我 的 头皮-,干燥,1.0
搭配,上 这个-,柔顺,1.0
气味,可以 挺-,好,1.0
洗完,后 头发 清爽-,蓬松,1.0
蓬松度,效果-,很棒,1.0
香气,的+,优雅,1.0
感觉,洗 的 老-,干净,1.0
上头,好-,舒服,1.0
追评,洗发水 真的 特别-,好,1.0
客服,也 很-,耐心,1.0
香气,很-,香,1.0
妹子,颅顶 的+,高,1.0
过用,完 头发-,确实,1.0
追评,洗发水 不仅 控油 效果-,好,1.0
头发,洗完 很-,清爽,1.0
价格,也-,便宜,2.0
控油,效果 真的-,很棒,4.0
洗发水,洗 的 很-,舒服,1.0
产品,的 一款+,很棒,1.0
产品,很-,好,11.0
洗完,头发 蓬松-,柔软,1.0
头发,给-,足,1.0
效果,还 挺-,好,1.0
头发,洗 了 也 很-,舒服,1.0
润滑,效果 和+,蓬松,1.0
追评,我 洗 着 头-,巨痒,1.0
洗发水,很 好用 且 泡沫-,丰富,1.0
感觉,跟-,舒服,1.0
控油,两组 搭配 挺-,好,1.0
气味,让 人 闻 着 很-,舒服,1.0
控油,洗发水 真的 让 我-,惊喜,1.0
用完,了 就-,直接,1.0
护发素,洗完 很-,柔顺,1.0
气味,控油 能力-,强,1.0
去屑,和 控油 都 很-,好,1.0
洗发,体验 更加-,舒适,1.0
时间,也-,长,1.0
追评,这款 洗发水 的 控油-,蓬松,1.0
头发,后 很-,蓬松,1.0
蓬松度,很-,不错,1.0
控油,的 效果 非常-,好,1.0
闺蜜,买 说用 了 头发-,挺顺,1.0
刺激,我 的-,敏感,1.0
洗完,可以 控油 时间-,长,1.0
控油,效果 也 特别-,好,1.0
头皮,真的 比 之前 会-,轻松,1.0
吹干,头发 后 很-,容易,1.0
洗完,感觉 变-,清爽,1.0
洗完,当天 头发 会-,痒,1.0
互联网,时代 真的 是 销量 高 的 产品质量 都 比较-,差,1.0
头皮屑,不-,干燥,1.0
洗发水,用 起来 很-,方便,1.0
头发,很 清爽-,舒服,1.0
头发,控油 效果-,确实,1.0
头发,很-,干净,2.0
洗发水,真的 让 我-,惊喜,1.0
购买,用 推荐+,好,1.0
味道,也 是 真的 很 香 很-,持久,1.0
气味,非常-,好,2.0
品质,很-,好,1.0
诗诗,永远 都-,好,1.0
泡沫,不-,大,1.0
追评,谁 懂 油头 女孩子 的-,痛苦,1.0
产品质量,的+,高,1.0
头皮,去除+,有效,1.0
做广告,这么-,好,1.0
顺滑,且 易于 冲洗 洗 后 头发+,丰富,1.0
效果,还是 非常-,不错,1.0
包装,的 很-,扎实,1.0
商品,气味 好-,香,1.0
油头,洗完 很-,清爽,1.0
洗完,就是-,蓬松,1.0
洗完,头 都 觉得 心情-,愉悦,1.0
评用,了 之后 真的 很-,惊艳,1.0
洗发水,解决 了-,很大,1.0
泡沫,超-,丰富,1.0
气味,好-,香,1.0
头发,比 以前-,蓬松,1.0
香味,很-,独特,1.0
快递,把+,直接,1.0
变得,很-,蓬松,2.0
服务态度,很-,好,8.0
效果,非常-,显著,2.0
过程,泡沫 丰厚-,细腻,1.0
试用装,觉得 还-,不错,1.0
头发,后-,清爽,1.0
产品,做-,大,1.0
能力,很-,不错,1.0
洗发水,挺-,好,3.0
控油,效果 特别-,好,6.0
朋友,推荐 买 的 说 很-,香,1.0
实惠,一瓶 很+,很大,1.0
洗发水,洗完 发质-,柔顺,1.0
服务,也 很棒 发货-,快,1.0
感觉,头皮 特别-,清爽,4.0
感觉,头发+,长,1.0
洗发水,的 控油 效果 真的 很-,持久,2.0
体验感,也-,不错,1.0
收到,货后 就-,直接,1.0
洗起来,非常-,舒服,1.0
出门,头发 感觉 都 没 办法+,长,1.0
追评,头发 很-,蓬松,1.0
效果,挺-,好,8.0
效果,真的 蛮-,不错,1.0
时间,很-,长,1.0
洗发水,是 我 用过 的 控油 效果-,最好,3.0
头发,掉 的 会-,少,1.0
气味,很-,清爽,1.0
适合,的 洗发水 最+,便宜,1.0
头发,顺滑 不-,干涩,1.0
油头,真的-,友好,1.0
洗发水,的+,不同,1.0
发质,还是 挺-,柔顺,1.0
头发,就 感觉 很-,清爽,2.0
时代,真的 是 销量 高 的 产品质量 都 比较-,差,1.0
头发,不仅 柔顺 还 很-,香,1.0
商品,气味 气味 很-,舒服,1.0
洗发水,多次 这个+,好,1.0
洗发水,的 泡沫-,细腻,1.0
清洗,和 很 容易+,丰富,1.0
发丝,带来-,清晰,1.0
变得,更加-,丰盈,1.0
体验,到 三四天 一 洗 的-,快乐,1.0
能力,相当-,不错,1.0
购买,了 因为 特别-,好,1.0
效果,都 很-,好,1.0
头发,很丝 滑-,柔顺,1.0
东西,不错 我 就 会 给 好评 宝贝 产品质量 很-,好,1.0
商品,气味 淡淡的-,香,1.0
姐姐,们-,快,1.0
洗发水,的 一款+,好,2.0
洗完,的 头发 光泽度 非常 的-,好,1.0
洗完,头发 巨-,蓬松,1.0
发质,的+,毛躁,1.0
包装用,到-,新,1.0
商品,气味 气味 非常-,好,1.0
快递,包装 很-,好,1.0
头发,直接-,高,1.0
物流,也 很快 优惠 力度-,很大,1.0
追评,控油 效果-,一般,1.0
追评,我 正 因为-,好,1.0
推荐,我 洗发水-,确实,1.0
头皮,上 的 头皮屑 什么 的 清洗 的 也 很-,干净,1.0
喜欢,的 是 产品 我 很+,重要,1.0
推荐,给-,好,1.0
头发,轻盈-,不易,1.0
护发,效果-,很棒,2.0
收到,了用 了 一下-,不错,1.0
洗完,感觉 整个 头皮 都 清洗 的 很-,干净,1.0
打开,收到 一+,新,1.0
洗完,头发 感觉 也 很-,不错,1.0
感觉,头-,痒,1.0
发质,来说 效果 特别-,好,1.0
洗完,头发 后 真的 很-,蓬松,1.0
洗完,头发-,很软,1.0
洗完,头发-,柔顺,8.0
追评,只能 说 头发 多 的 姐妹 们 也 要-,慎重,1.0
味道,不会 很-,香,1.0
头发,而且 不 油腻 的+,亮丽,1.0
洗发水,比 平时 用 的+,确实,1.0
喜欢,控油 和-,蓬松,1.0
脱发,的 、-,长,1.0
产品,考虑+,仔细,1.0
控油,还-,不错,1.0
头发,也 很 非常 的-,柔顺,1.0
洗发水,能够-,彻底,1.0
顺滑,不-,干燥,1.0
泡泡,洗 的 很-,干净,1.0
洗发水,很-,温和,5.0
物流,挺-,好,1.0
用过,的 控油 产品 中 效果-,最好,3.0
包装,不错+,不错,1.0
洗发,清爽-,蓬松,1.0
头发,比 之前-,蓬松,1.0
洗完,吹干-,完全,1.0
线下,还-,便宜,1.0
收到,的 产品 今天 刚刚+,便宜,1.0
改善,头皮-,健康,1.0
控油,效果 还是 非常-,不错,1.0
好闻,气味+,不错,1.0
头发,也 很-,柔顺,8.0
没油,还 感觉 头发 很-,轻,1.0
泡沫,就 出+,容易,1.0
体验,非常-,不错,1.0
洗完,之后 感觉 是 比 其他 的 洗发水 要-,蓬松,2.0
追评,一下 这个-,丰盈,1.0
效果,真的 很-,好,10.0
头发,控油 效果 很-,好,1.0
试试,另外 一瓶 客服 也 挺-,好,1.0
控油,的 洗发水 对 大油头 很-,友好,1.0
洗完,后 头发 很-,蓬松,1.0
感觉,的+,轻松,1.0
控油,和 改善 头皮-,健康,1.0
头发,是 蓬松-,清爽,1.0
头发,真的 很-,柔顺,3.0
好用,很-,不错,2.0
香味,头发 后 留有+,好,1.0
头发,洗完+,好,1.0
好闻,用 着 很-,舒服,1.0
控油,款 洗完 头发 也 不会 特别-,涩,1.0
格局,能 把 产品 做 大 做-,强,1.0
头皮,被-,温和,1.0
洗发水,用 起来 很-,不错,1.0
洗发水,味道 很 好闻 很-,香,1.0
效果,的 感受 就是 控油+,最大,1.0
洗完,特别 舒服-,柔顺,1.0
追评,感觉 打开 闻 的 挺-,香,1.0
质地,很-,温和,1.0
包装,很-,严密,1.0
头皮,也 感觉-,清爽,1.0
香味,很 清新-,舒服,1.0
泡沫,巨-,丰富,1.0
头发,洗完-,蓬松,1.0
体验,也-,不错,1.0
配方,也 很-,温和,1.0
优惠,力度 也-,大,1.0
洗完,头发 不仅-,柔顺,1.0
感觉,的+,柔顺,1.0
追评,真心 不 建议 大家 买-,柔顺,1.0
发货,速度 非常-,快,2.0
泡沫,确实 挺-,细腻,1.0
追评,洗完 头 之后 出 油 真的 很-,慢,1.0
洗发水,的 容量-,很大,1.0
效果,真的 是 特别 的-,好,1.0
追评,一下 这个 丰盈-,蓬松,1.0
控油,的 感受 就是+,最大,1.0
留香,很-,久,1.0
好用,的+,意外,1.0
洗完,很-,柔顺,10.0
感觉,更加-,舒适,2.0
买来,用 了 一阵子 下来 效果-,确实,1.0
姐妹,塌+,细软,1.0
去屑,效果-,很好,1.0
发现,的+,意外,1.0
包装,用心-,完好,1.0
追评,我 的 头发 发质 是 那种-,细软,1.0
追评,产品 真的 非常-,好,1.0
头发,感觉 确实 会-,蓬松,1.0
变得,既-,干净,1.0
洗发水,的 一款+,不错,1.0
朋友,推荐 大家 一起 用 才 算-,好,1.0
感觉,比 之前 好像-,贵,1.0
广告,是+,全,1.0
感觉,清爽 的+,好,2.0
头发,又 黑 又 粗 很-,毛躁,1.0
推荐,都 很-,好,1.0
买家,发货 速度 也-,快,1.0
洗发水,用 起来 挺-,温和,1.0
打开,还是-,坏,1.0
老公,和 孩子 说 控油 效果-,好,1.0
头发,清爽-,蓬松,3.0
头发,也 油 的-,快,1.0
上头,控油 效果 也-,不错,1.0
头皮,就 会-,痒,1.0
头发,明显 不 像 以前 那么-,容易,1.0
控油,的 味道 有点-,浓,1.0
追评,之前 用 其他 的-,老,1.0
回购,用 以后 继续+,好,1.0
大瓶,用 起来 也 毫不-,心疼,1.0
感觉,头皮 被-,彻底,2.0
感觉,性价比 很-,高,1.0
头发丝,都-,干净,2.0
效果,使用 后+,好,1.0
追评,味道 没有 那么-,大,1.0
洗完,头发 感觉 很-,清爽,1.0
止痒,效果 很-,好,2.0
感觉,也 没+,蓬松,1.0
头发,干净-,清爽,2.0
实用,且-,精妙,1.0
泡泡,的+,细腻,1.0
泡沫,很-,丰富,8.0
洗完,之后 头顶 特别 的-,干净,1.0
润滑,度 都-,不错,1.0
洗完,头 你 也 太-,蓬松,1.0
油性,头发 得到 了-,很好,2.0
洗完,头 第三天 白天 就 开始 无敌-,痒,1.0
物流,有些-,慢,1.0
感觉,洗完 很-,清爽,1.0
推荐,红书 看到 一位 博主+,小,1.0
体验,愉悦 的 使用+,舒适,1.0
黄瓶,特别-,好,1.0
试用,过 洗发 非常-,清爽,1.0
商品,气味 很-,不错,1.0
洗完,也 很-,柔顺,2.0
洗完,后 头发 不-,容易,1.0
洗发水,很-,细腻,1.0
洗发水,回购-,好,1.0
包装,组 一点-,小,1.0
增资,和 淘气值 的+,积分,1.0
卖家,服务 也 很 好-,耐心,1.0
效果,能 这么-,好,1.0
感到,头发-,柔顺,1.0
效果,真的 很-,持久,2.0
追评,用 完 感觉 头皮 很-,清爽,1.0
头发,就 很-,蓬松,1.0
洗发水,真的 很-,好,2.0
头发,蓬松 还-,顺,1.0
洗发膏,的+,好,1.0
变得,很 蓬松-,清爽,1.0
产品,效果 是 我 用过 的 效果 最 明显 的+,蓬松,1.0
头发,一直 以来 都-,容易,1.0
控油,效果 真心-,好,1.0
香味,好闻 加上-,持久,1.0
超市,活动 价 还-,便宜,1.0
快递,非常-,快,1.0
控油,效果 也-,很棒,7.0
留香,时间-,久,1.0
吹干,之后 头发 就 头发 都-,巨,1.0
头发,后 的 清爽 感-,持久,1.0
试用装,气味 很-,香,1.0
头皮,状况 有 了-,显著,1.0
喜欢,很-,香,1.0
油腻,不+,蓬松,3.0
瓶子,也-,很大,1.0
气味,味道-,清新,2.0
味道,很 很-,香,1.0
洗发水,去 油力 还是 很-,不错,2.0
头皮,的 家 人们 都 知道 这个-,苦恼,1.0
控油,效果 特别 好 洗完 头发 很-,清爽,1.0
购买,值得+,浓,1.0
洗发水,的 泡沫 很-,丰富,1.0
都用,的 这家 两个 搭配 用 特别-,好,1.0
性价比,很-,高,29.0
香味,好闻 加上 持久 的-,蓬松,1.0
大油头,真是 的 太-,友好,1.0
香味,也-,很棒,1.0
感觉,用 着-,不错,1.0
包装,非常 仔细 、-,严实,1.0
控油,效果 特别 的-,好,2.0
效果,还是-,不错,3.0
洗完,头发 干净 又-,蓬松,1.0
感觉,很-,一般,2.0
追评,干枯-,毛躁,1.0
头皮,也-,清爽,1.0
头发,依旧 蓬松 迷人 的 香味 也 很-,持久,1.0
头发,看起来 更-,健康,2.0
头发,会-,痒,1.0
好像,瓶装 的 量+,大,1.0
呵护,得 很-,好,1.0
刺激,不+,清新,1.0
朋友,使用 以后 觉得 很-,不错,1.0
发根,几天+,完好,1.0
洗发水,的 控油 能力 确实-,不错,1.0
感觉,好多 明星 推荐 的 商品 应该 不会-,差,1.0
家用,了 觉得-,不错,1.0
头发,很 清爽-,蓬松,1.0
头发,真的 就 很-,柔顺,1.0
控油,的 效果 真的 是 特别 的-,好,1.0
头发,都 巨 蓬松-,柔顺,1.0
头皮屑,什么 的 清洗 的 也 很-,干净,1.0
体验感,很-,差,1.0
头发,都 没掉 这么-,快,1.0
气味,还 送 了 试用装+,不错,1.0
头皮,不会-,干痒,1.0
头发,超级-,清爽,1.0
皮得很,干净-,清爽,1.0
味道,的+,挺软,2.0
宝贝,包装 很-,好,1.0
救星,出油 的 人 来说 简直 就是+,容易,1.0
牌子,选择 自己-,合适,1.0
追评,洗完 头发 很 清爽-,舒服,1.0
闻到,就 感觉 很-,舒适,1.0
控油,的 特别-,好,1.0
洗完,也 很-,蓬松,2.0
客服,服务态度-,好,1.0
洗完,后 很-,蓬松,3.0
洗发,后-,蓬松,1.0
控油,效果 的 同时 也 有-,蓬松,1.0
头皮,洗发水 改善+,舒爽,1.0
出油,很-,严重,1.0
好用,很-,香,1.0
产品,的 产品 今天 刚刚 收到 这个+,便宜,1.0
洗完,头发-,清洁,1.0
味道,特别-,好,3.0
找到,一款-,合适,1.0
洗发水,和 水润 亮泽 护发素 都 是 正品 质量 很-,好,2.0
洗发水,用 完 之后 头皮-,红,1.0
质量,特别 的-,好,1.0
追评,油皮 头-,成功,1.0
瓶子,好-,小,1.0
清洗,的 很-,干净,1.0
商品,气味 商品-,不错,1.0
沙龙,控油 洗发水 成为 我们 家 的-,新宠,1.0
头发,不会 变得-,干燥,1.0
控油,蓬松度 效果-,很棒,1.0
追评,太 差 了 没用过 这么-,差,1.0
洗头,都 还 挺-,蓬松,1.0
泡沫,丰富 而且 很-,香,1.0
洗完,头 去-,直接,1.0
效果,的 蓬松+,持久,1.0
质量,很-,好,20.0
产品,的+,很棒,1.0
满意,价格 挺-,好,1.0
控油,能力 非常-,强,1.0
气味,很-,细腻,1.0
感觉,也 比较-,柔顺,1.0
不油,几天 都+,好,1.0
洗出来,很-,干净,1.0
冲洗,且 易+,细腻,1.0
效果,和 去屑 效果 味道 什么 的 都-,不错,1.0
妈妈,也 给 给+,好,1.0
追评,我 的 头发 一直 以来 都-,容易,1.0
洗完,头发 蓬松 又-,柔顺,1.0
朋友,使用 以后 觉得-,不错,1.0
头发,好-,难,1.0
去屑,效果 都-,不错,2.0
洗头,而且 可以 坚持 两三天 不+,蓬松,1.0
味道,也 很-,清爽,1.0
相比,其他 洗发水 来说 控油 的 效果 还是-,不错,1.0
头发,吸收 很-,好,2.0
控油,效果-,确实,5.0
优惠,力度-,很大,2.0
东西,收到 了 非常-,好,1.0
洗完,很-,舒服,5.0
控油,比 其他 家-,持久,1.0
洗发水,是 闺蜜 用 了-,好,1.0
评价,洗发水 的 效果 很-,好,1.0
寻找,一款 能够 让 你 的 头发 保持-,清爽,1.0
洗发水,效果 非常-,好,2.0
关键,的 是用 了 之后 掉 发-,严重,1.0
头发,洗 不-,干净,1.0
气味,洗完 头发 很-,香,1.0
头发,依然 保持-,清爽,1.0
服务,也-,很棒,1.0
头发,洗完 之后 特别-,干净,1.0
净化,头皮 效果-,不错,1.0
控油,很-,持久,1.0
清洁力,很-,强,5.0
感觉,还-,挺好,2.0
味道,香香的 还-,持久,1.0
心情,也 随之-,愉悦,1.0
包装,贼-,差,1.0
洗发水,护理 头皮 的+,温和,1.0
商品,气味 很-,清新,1.0
头发,依旧-,蓬松,1.0
洗完,顺滑 不-,干燥,1.0
护发素,的 头发 很 柔顺 都 不用 洗+,挺好,1.0
去屑,止痒 效果 很-,好,2.0
洗完,头发 蓬松 很-,清爽,1.0
回购,了-,好,7.0
香味,很-,持久,4.0
头发,就-,长,1.0
控油,和 去屑 的 自用 发膜 也 用 了 很-,不错,1.0
无限,回购-,好,1.0
味道,什么 的 都-,不错,1.0
头发,让 人 心情 无比-,舒畅,1.0
洗完,就 会 感觉 很-,清爽,1.0
订单,处理 非常-,迅速,1.0
头发,使用 起来 这个-,蓬松,1.0
追评,泡沫-,细腻,1.0
头发,又 油 又-,痒,1.0
洗发,洗发水+,柔顺,1.0
洗发水,洗出来 很-,蓬松,1.0
洗发水,控油 的 时间-,长,1.0
控油,效果 真心-,不错,3.0
头发,后 很-,容易,1.0
喜欢,清香 挺+,舒服,1.0
头皮,还+,清爽,1.0
去屑,很-,干净,1.0
去屑,能 看到+,明显,1.0
油头,太-,友好,1.0
追评,真心 推荐 我 洗发水-,确实,1.0
包装,严实 质量-,好,1.0
感觉,效果 还是 很-,不错,1.0
头发,香 飘飘 的-,柔顺,1.0
体验,到 了 头发 包脸 的-,快乐,1.0
洗完,头发 蓬松 柔顺 不-,干燥,1.0
追评,控油 和 去屑 的 效果 都 是-,很好,1.0
追评,彻底解决-,大,1.0
洗出来,头发 很-,蓬松,2.0
头皮,不会-,痒,1.0
质量,也-,不错,1.0
头发,也 很-,清爽,1.0
效果,比 我 预期 想象 的-,好,1.0
发质,油性+,偏,1.0
洗出来,的 头发 很-,蓬松,1.0
看抖,音 推荐 都 很-,好,1.0
冲洗,就+,容易,1.0
效果,真的-,很棒,6.0
脱发,比 去年-,秃,1.0
客服,态度 非常-,好,1.0
感觉,是-,假,2.0
喜欢,不错 很好 很+,不错,1.0
头发,一 整个-,蓬松,1.0
头发,都 会 洗完 之后 变得 更加-,丰盈,1.0
头皮,没有-,不适,1.0
东西,很-,不错,1.0
回购,顾客 来+,老,1.0
效果,确实-,不错,1.0
按摩,一下 真的 很-,舒服,1.0
商家,还 送 了-,小,1.0
油腻,贴 脸 到-,蓬松,1.0
头发,一整天 都 保持-,清爽,2.0
头发,泡沫 绵密 我 大 油头 洗完 之后+,好,1.0
回购,质量-,好,1.0
头发,真的 很-,蓬松,6.0
回购,质量 好-,差,1.0
好像,洗 不-,干净,2.0
评用,着-,很好,1.0
发质,塌 的+,细软,1.0
感觉,很-,舒适,1.0
红色,的 比较 香味 偏-,清淡,1.0
男女,洗头发 都 非常-,好,1.0
香味,洗 的 也-,干净,1.0
气味,持 香-,久,1.0
好评,是+,全,1.0
油力,去+,持久,1.0
洗发水,它 的 泡沫 很-,细腻,1.0
洗发水,去 油 效果 很-,好,1.0
洗完,头发-,好,2.0
控油,效果-,好,26.0
洗发水,的 控油 效果 很-,好,2.0
头发,可以-,蓬松,1.0
效果,也 特别 的-,好,1.0
追评,这 一次 的-,很难,1.0
冲洗,很 好+,好,1.0
洗完,头发 很 顺滑 很-,蓬松,1.0
头皮,是 贴着+,老,2.0
头发,在 洗完 后 明显-,清爽,1.0
头皮屑,想挠 导致 挠出+,痒越,1.0
效果,应该 也-,不错,1.0
洗完,发根-,直接,1.0
感觉,头发 很-,轻,1.0
产品,太 让 我-,惊喜,2.0
头发,后 真的 很-,蓬松,1.0
头发,上 揉搓 很-,温和,1.0
感觉,效果 还-,不错,1.0
头发,塌 的+,细软,1.0
头发,光泽度 非常 的-,好,1.0
上头,的+,软软,1.0
有用,过 觉得-,挺好用,1.0
熬夜,打游戏 都 可以 隔上-,好,2.0
效果,控油+,确实,1.0
头发,一直 保持-,高,1.0
物流,超级-,快,2.0
洗完,头 后 特别-,清爽,1.0
洗发水,真的-,不错,3.0
配方,对 头皮 非常-,友好,1.0
感觉,确实 很-,不错,1.0
商品,很-,好,6.0
活动,力度-,很大,1.0
追评,这 是 我 用过 最-,难用,1.0
宝贝,的+,好,2.0
价格,实惠 对 环境 也 比较-,友好,1.0
打湿,之后 在 头发 上 揉搓 很-,温和,1.0
头发,在-,清洁,1.0
洗发水,我 早早 购买 了 这款+,幸好,1.0
东西,非常-,不错,1.0
头皮,效果-,不错,1.0
买到,这么-,好,3.0
控油,很-,彻底,1.0
喜欢,的 香味 很+,清淡,1.0
头发,顺滑-,蓬松,1.0
洗完,几次 了+,好,1.0
吹干,头发 很 顺滑-,蓬松,1.0
洗发水,用 的+,最好,4.0
气味,淡淡的-,香,1.0
追评,这个 洗发水 用 完 之后 头皮-,红,1.0
护发素,而且 搭配 使用 水润 亮泽+,好,1.0
先用,了 净屑-,舒爽,1.0
洗完,头发-,确实,2.0
头发,且 易于 冲洗 洗 后+,丰富,1.0
体验感,特别-,好,1.0
拧开,闻 起来 很-,舒服,1.0
洗完,头发 能 管好 就-,好,1.0
头皮屑,都-,少,1.0
赠品,也 挺-,好,1.0
价格,实惠-,便宜,1.0
头皮屑,的 去除+,有效,1.0
感觉,很-,好,2.0
头发,超-,软顺,1.0
洗发水,味道 非常-,香,1.0
发丝,也 是 很 干净-,蓬松,1.0
孩子,用 了 都-,合适,1.0
头发,非常 蓬松-,柔软,1.0
区别,的+,很大,1.0
买来,家里 洗发水 用 完 了 打算+,正好,1.0
头顶,还有-,蓬松,1.0
味道,很 好闻 很-,香,1.0
控油,能力-,强,3.0
消息,很快 态度 也-,不错,1.0
去屑,效果 很-,好,1.0
商品,包装 很-,好,1.0
洗感,很-,舒服,1.0
效果,很-,不错,12.0
头发,很 蓬松-,柔顺,4.0
洗完,后 感觉 头 都-,轻松,1.0
不油,也+,很顺,1.0
追评,非常-,差,1.0
顺滑,了 很+,毛躁,1.0
感觉,很 清爽 也 很-,蓬松,1.0
效果,也 很-,好,12.0
打开,闻 一下 很-,香,1.0
姐妹,应该 能 理解 油 的 反光 的-,痛,2.0
状况,有 了-,显著,1.0
护发,养 发香味-,独特,1.0
快递,发货-,快,1.0
头发,还-,香,1.0
服务,且 易于 冲洗 洗 后 头发 顺滑 卖家+,丰富,1.0
宝贝,产品质量 很-,好,1.0
气味,洗起来-,舒服,1.0
变得,蓬松-,清爽,1.0
头发,容易-,干燥,1.0
洗发膏,的 效果 很-,好,1.0
效果,的+,很好,1.0
头皮,感觉 特别-,干净,1.0
好用,真的 很+,好,1.0
价格,不-,贵,5.0
头发,就 更 干净-,舒爽,3.0
效果,很 是-,不错,1.0
商品,非常-,好,1.0
头发,贼-,清爽,1.0
洗发水,确实 用 起来 感觉-,不错,1.0
洗完,以后 头发-,蓬松,1.0
控油,觉得+,飘柔,1.0
头发,不-,清爽,1.0
气味,就 很-,香,1.0
头发,后 的-,清爽,1.0
头皮,感到-,干燥,4.0
洗起来,很-,清爽,1.0
只能,说 营销 做 的-,不错,1.0
卖家,非常-,好,1.0
插入式,营销 还 以为 很-,不错,1.0
牌子,洗头水 很-,好,1.0
效果,让 我 非常-,惊喜,1.0
包装,完好 物流-,快,1.0
价格,挺-,合适,1.0
效果,以后+,具体,1.0
头发,不仅-,柔顺,1.0
控油,和 蓬松 效果 是 我 用过 的 效果 最-,明显,1.0
头顶,很-,干净,1.0
感觉,每 一根 发丝 都-,充满,1.0
头发,不仅-,清洁,1.0
性价比,还-,不错,1.0
头皮,痒 的-,厉害,1.0
追评,还是 被-,小,1.0
味道,也 很-,香,8.0
尝试,了 好 几款 都-,很棒,1.0
洗完,吹干 之后 头发 就 头发 都-,巨,1.0
品质,一如既往 的-,好,1.0
物流,也 蛮-,快,1.0
效果,还-,不错,9.0
气味,很-,香,31.0
追评,看看 这 洗发水 就是-,好,1.0
感到,干燥 或-,不适,1.0
追评,好用-,蓬松,1.0
赠送,的 发膜 也 很-,好,1.0
追评,qi 能够 深入-,清洁,1.0
去屑,控油 效果 特别-,好,1.0
追评,不 知道 怎么 评价-,好,1.0
控油,去屑 效果 真的-,不错,1.0
头发,感觉 洗 的 老-,干净,1.0
洗完,很-,光滑,1.0
买完,后 刷到 的 都 是 说-,容易,1.0
活动,价-,好,1.0
变得,更加-,健康,2.0
头发,是-,直,1.0
期待,它 的-,蓬松,1.0
赠品,也 很-,好,1.0
味道,也-,香,1.0
香味,也 很-,持久,6.0
头皮屑,也-,确实,1.0
头发,一点 都-,不涩,1.0
控油,效果-,极佳,1.0
洗完,头 后 特别 清爽-,舒适,1.0
好评,我 就 会 给+,不错,1.0
气味,那个 去 油 的 很-,香,1.0
发丝,也 很-,柔顺,1.0
控油,的+,很大,1.0
洗感,特别-,舒服,1.0
效果,也 是 非常-,好,1.0
价格,又 这么-,便宜,1.0
够买,kono 味道 很-,香,1.0
过度,去 油 导致 头发-,干燥,2.0
变得,更加 顺滑-,柔软,2.0
头皮,一整天 都 能 保持-,清爽,1.0
脸蛋,都-,小,1.0
头发,也 比较-,柔顺,1.0
头发,还是 很-,清爽,3.0
商品,气味 这 款 洗发水 非常-,好,1.0
东西,就 会 复制 这段话 还 会-,认真,1.0
产品,做 大 做-,强,1.0
头发,蓬松 又-,清爽,1.0
洗完,头发 后 喜欢 这种-,干爽,1.0
商家,太-,精明,1.0
宝贝,我 就 会 给 好评+,不错,1.0
好用,超-,惊喜,1.0
妹子,头发+,长,1.0
味道,是-,清淡,1.0
效果,去屑-,柔顺,1.0
商品,气味 香味 很 清新-,舒服,1.0
洗完,之后 头皮 也 没有-,痒,1.0
洗发水,还要-,好,1.0
光泽度,头发+,完后,1.0
头发,感觉 很 清爽 也 很-,蓬松,1.0
商品,气味 持 香-,久,1.0
体验,不是 很-,好,1.0
追评,产品 很-,好,1.0
发货,也-,快,2.0
发现,在 洗发 后 头皮 感觉-,清爽,1.0
效果,很-,差,1.0
感觉,几天 不会+,好,1.0
官旗,性价比 很-,高,1.0
洗发露,博主 都 在 推 的+,大,1.0
容量,瓶+,一大,1.0
洗发水,的 控油+,不错,1.0
头发,感觉 很-,清爽,1.0
重点,是 洗完 后 头皮-,不痒,1.0
自用,发膜 也 用 了 很-,不错,1.0
出油,也 变得 越来越-,慢,1.0
头发,感觉 更加-,柔软,2.0
洗完,头发 很-,蓬松,24.0
卖家,服务态度 很-,好,2.0
洗发水,的的 花香调 香味-,清新,1.0
效果,去 油+,清爽,1.0
气味,味道 挺-,香,1.0
洗完,能 感觉 整个 头皮 都-,清爽,1.0
头皮,护理+,温和,1.0
气味,味道 还-,不错,2.0
变得,格外-,清爽,1.0
客服,很 有-,耐心,1.0
头发,以前 总是-,容易,1.0
洗完,之后 头发 可以-,蓬松,1.0
产品,控油-,最好,1.0
地址,上 都 有 写 楼层 而且 又 不-,高,1.0
商品,气味 控油 能力-,强,1.0
头发,感觉 至少-,蓬松,1.0
洗完,头发 很-,舒服,1.0
收到,了 特别-,好,1.0
商品,气味 这个 味道 太-,大,1.0
头发,也 很-,舒服,2.0
好用,对 我 这种 油头 特别 特别-,友好,1.0
用完,的 头皮 很-,清爽,1.0
感觉,变-,清爽,1.0
气味,产品 特别-,好,1.0
效果,是 真的 很-,好,1.0
希望,越来越-,好,1.0
感觉,的+,蓬松,3.0
头皮屑,去除+,有效,2.0
体验,更加-,舒适,1.0
头皮,都 感觉-,清爽,1.0
购买,第二次+,香,1.0
香味,也-,清新,1.0
整体,来说 很-,好,1.0
头发,没有 之前-,毛躁,1.0
朋友,都 在 用-,挺好,1.0
商品,气味 气味-,不错,1.0
朋友,推荐-,好,2.0
追评,效果 真的-,不错,1.0
商品质量,相当-,不错,1.0
洗完,头发 后 喜欢 这种 干爽 和-,清爽,1.0
头皮屑,是+,全,1.0
洗完,头发-,滑滑,1.0
洗完,头发 特别-,痒,1.0
价格,也 很-,合适,1.0
清洁度,也 很-,好,1.0
感觉,是 比 其他 的 洗发水 要-,蓬松,2.0
洗发水,成为 我们 家 的-,新宠,1.0
泡沫,很 绵密 留香 也-,挺久,1.0
泡沫,的+,细腻,1.0
泡沫,是 非常-,柔软,1.0
洗完,感觉 每 一根 头发丝 都-,干净,1.0
妈妈,也 买 了 给+,不错,1.0
追评,本来 以为 这么-,便宜,1.0
洗完,头皮 特别-,清爽,1.0
顺滑,而且 很+,蓬松,1.0
包装,精美 高端 大气 上档次 非常 好用 很-,柔顺,1.0
性价比,超级-,好,1.0
护发,效果 很-,好,1.0
感觉,洗 了 之后 头发 是 掉 得-,少,1.0
脱发,很-,严重,1.0
头皮,洗 的 特别-,干净,1.0
洗发水,很-,清爽,1.0
洗完,没油 还 感觉 头发 很-,轻,1.0
头发,变得 更加-,清爽,4.0
试用装,用 了 效果-,不错,1.0
浓度,太-,高,1.0
洗发,后 头发 顺滑-,蓬松,1.0
感到,心情-,愉悦,1.0
不用,几天 都+,好,1.0
头发,以后 总是 觉得 头上 还是 很-,重,1.0
洗发水,已经 回购 了-,好,1.0
产品,值得 大家 选购 的+,不错,1.0
亮泽,而且 搭配 使用 水润+,好,1.0
头皮,非常-,友好,2.0
感觉,洗 头皮 很-,舒服,1.0
气味,气味-,不错,1.0
感觉,掉-,少,1.0
洗发水,买 了-,好,1.0
头发,干净 又-,蓬松,1.0
包装,也 很-,好,2.0
好闻,用+,好,4.0
包装,的 也 很-,好,2.0
头发,而且 洗 了+,头痒,1.0
头皮,贼-,清爽,4.0
气味,气味 很-,舒服,1.0
洗发水,不敢 轻易 换+,一般,1.0
洗发水,用 的 效果 很-,好,1.0
出油,是+,老,4.0
态度,也-,不错,1.0
喜欢,用 起来-,一般,1.0
追评,很-,不错,2.0
感觉,还 蛮-,好,1.0
头皮屑,起+,容易,2.0
味道,的+,明显,1.0
牌子,的 洗发水 确实-,好,1.0
实惠,性价比 很-,高,1.0
顺滑,后 依然 保持 柔软+,清洁,1.0
洗发露,满满-,一大,1.0
追评,洗发水 很-,香,1.0
洗完,的 头发 轻盈 又-,蓬松,2.0
油腻,很-,清爽,1.0
头发,清洁 感-,很棒,1.0
洗发水,在 遇到 了 这款+,好,1.0
感觉,用 完-,确实,1.0
性价比,还是-,不错,1.0
商品,的 功能丰富 实用 且-,精妙,1.0
头发,掉 得 好-,严重,1.0
效果,的+,清洁,1.0
洗完,头油 的 更-,快,1.0
效果,本钱 我 就 买 了 两瓶 看 你+,落足,1.0
搭配,的+,蓬松,1.0
感觉,洗发水-,不错,1.0
商品,气味-,持久,1.0
头皮,上洗 的 也 很-,干净,1.0
控油,确实-,不错,1.0
朋友,说 这款 洗发水 很-,好,1.0
洗头,也 不 觉得-,痒,1.0
控油,效果 让 我-,惊喜,6.0
洗完,头皮 很-,清爽,1.0
重点,是 洗完 头油 的 更-,快,1.0
头发,不-,黏腻,3.0
服务态度,极其-,恶,1.0
发质,的 改善+,明显,1.0
气味,很-,舒服,2.0
头发,的 油分-,明显,1.0
头发,也 不怎么-,痒,1.0
洗完,泡沫 绵密 我 大 油头+,好,1.0
购买,几次+,好,1.0
洗发水,的 控油 效果 让 我 非常-,惊喜,1.0
打开,后 赠送 了-,好,1.0
出厂日期,很-,新,1.0
追评,自己 用 的-,好,1.0
洗完,头发 非常-,柔顺,1.0
头发,只是 占 在 枕头 上 没有-,清理,1.0
买用,着 效果 也-,不错,1.0
头发,都 掉 了 还 怎么-,蓬松,1.0
朋友,介绍 说 还-,不错,1.0
包装,惊艳 到-,绝美,1.0
家里人,用 了 都 说-,挺好用,1.0
商品,气味-,清新,3.0
商品,用 的 确实-,不错,1.0
品牌,日期+,新,1.0
洗发水,的 性价比 很-,高,1.0
油腻,、 不+,毛躁,1.0
头发,变得 既 干净 又-,柔顺,1.0
护发素,也 很-,好,1.0
洗完,后 头发 也 很-,蓬松,1.0
洗发水,用 完 了-,直接,1.0
客服,有 的 态度 很-,好,1.0
控油,非常-,强,1.0
味道,是 清淡-,雅致,1.0
味道,几次 购买 了+,好,1.0
产品,非常 的-,好,1.0
洗完,之后 头皮 有种 很-,轻松,1.0
感觉,刚刚-,好,1.0
追评,巨巨-,巨好,1.0
大油头,很-,友好,1.0
复制,这段话 还 会-,认真,1.0
洗发水,是-,温和,1.0
头皮屑,用 了 两次+,连续,1.0
洗完,的 就是+,很好,1.0
追评,真的 很-,不错,1.0
泡沫,非常 的-,丰富,1.0
评价,的 网友 不要-,惊讶,1.0
追评,洗发水 我 都 买 了-,好,1.0
洗护,效果 非常-,好,1.0
追评,我 的 头发 是-,细软,1.0
控油,的 效果 真的 蛮-,不错,1.0
推荐,的 这 一款 洗发水 效果 真心-,不错,1.0
洗发,后 头发 不-,黏腻,1.0
超市,卖 的-,便宜,1.0
追评,洗完 的 头发 挺-,清爽,1.0
气味,很 香 很-,香,1.0
头发,不会 很滑 也 不会-,很涩,1.0
控油,效果 很-,明显,2.0
头发,的 就是 洗完+,很好,1.0
洗完,头 后 可以 坚持-,快,1.0
头发,保持-,清爽,7.0
头发,就 知道 很-,舒服,1.0
吹干,后 头发 非常-,细顺,1.0
追评,非常-,好,6.0
头发,真的 挺-,蓬松,1.0
黄色,瓶子 的 真心-,不错,1.0
头发,特别 特别-,柔顺,1.0
牌子,的 洗发水 真的 很-,不错,1.0
感觉,整个 头皮 都-,清爽,1.0
头发,都 觉得 心情-,愉悦,1.0
追评,遇见 一款-,好,1.0
有用,很-,香,1.0
效果,特别 的-,好,2.0
质量,真的 很-,好,1.0
油头,很-,好,1.0
头皮,过敏-,长,1.0
香味,很-,清新,3.0
洗完,头发 终于 再也 不 油腻-,扁,1.0
商品,气味 持-,香,1.0
香味,挺-,好,1.0
感觉,整个 人 都-,轻松,2.0
控油,比较-,好,1.0
感觉,相比 其他 洗发水 来说 控油 的 效果 还是-,不错,1.0
追评,可以-,挺好用,1.0
救星,对 油头 真的 太-,友好,1.0
油头,泡沫 绵密 我 大+,好,1.0
比商,超-,便宜,1.0
头发,是 那种 超-,干爽,1.0
泡沫,非常-,细腻,2.0
气味,听 朋友 说 这款 洗发水 很-,好,1.0
橙色,那 款 稍微-,好,1.0
味道,非常-,好,1.0
洗发水,就 有 很好 的-,清洁,1.0
味道,也 很-,不错,1.0
深层,控油 效果 很-,好,1.0
洗发水,味道-,清新,2.0
洗头,的 时候 闻 着 挺-,香,1.0
头油,的 效果 很-,明显,1.0
正品,非常 的-,好,1.0
清洗,用+,好,1.0
控油,效果 是 真的 好 泡沫 绵密 我-,大,1.0
生产日期,挺-,新,1.0
感觉,头发 很-,蓬松,1.0
追评,这个 商品 用 的 确实-,不错,1.0
洗发水,是 觉得 自己+,老,1.0
头发,更-,顺亮,1.0
洗发水,泡沫 非常-,丰富,1.0
洗完,之后 一整天 头发 都 很-,蓬松,1.0
洗完,之后 实在 是 太-,香,1.0
头发,比较-,干燥,1.0
去屑,效果-,最好,1.0
香味,是 我-,最爱,1.0
头发,都-,蓬松,2.0
洗发水,洗 了-,毛躁,1.0
感觉,被 骗 了 、 每次 刚 洗完 头发 还-,很痒,1.0
洗完,头发 以后 总是 觉得 头上 还是 很-,重,1.0
洗完,头发 超-,软顺,1.0
不用,洗发水 都 不会-,粗糙,1.0
朋友,说 看 我 头发 最近 很-,蓬松,1.0
效果,应该 会-,不错,1.0
不油,比较-,舒服,1.0
效果,也-,不错,14.0
实体店,买 的 去屑 止痒 效果 很-,好,1.0
产品,的+,好,1.0
喜欢,这种 干爽 和-,清爽,1.0
控油,的+,合适,1.0
洗完,头发 蓬松-,柔顺,1.0
追评,味道 是-,持久,1.0
洗发水,的 香味 特别-,敏感,2.0
发丝,轻盈 不-,黏腻,1.0
试试,买回来+,大,1.0
效果,是 真的 很-,不错,1.0
味道,超级-,好,1.0
护发素,说 一 嘴+,顺便,1.0
控油,的+,不错,1.0
洗发水,的+,差,2.0
用过,的 洗发水-,好,1.0
洗发水,真的 令 我 感到-,惊喜,1.0
追评,这次 买 的 去屑 没有 以前-,好,1.0
感觉,很-,清爽,9.0
感觉,到-,很大,1.0
洗完,顺顺-,滑滑,1.0
效果,都 有-,很高,1.0
小姐姐,的 服务 也 很-,好,1.0
效果,很-,好,89.0
追评,他家 这个 洗发水 真的-,好,1.0
头发,头皮 和+,清洁,1.0
姐姐,说 她 用 的 特别-,好,1.0
下意识,就 会 觉得 很-,干净,1.0
头发,出 油 问题 得到 了-,很大,1.0
觉着,非常-,不错,1.0
气味,气味 很-,好,1.0
头皮,的 去除 头发 和+,有效,1.0
发现,还是 这个-,好,1.0
头皮,就 会-,很痒,1.0
控油,效果 特别 好 洗完 头发 很 清爽-,蓬松,1.0
头发,也 油 得-,快,1.0
组合,性价比-,高,1.0
吹干,头顶 都-,蓬松,1.0
头发,不怎么-,容易,1.0
产品,的 成本 得 多-,低,1.0
气味,洗发水 很-,香,1.0
快递,包装-,完好,1.0
洗完,也 特别-,柔顺,1.0
头油,的 也-,慢,1.0
头发,洗完+,温和,1.0
头发,蓬松 又-,柔顺,1.0
洗发水,适用性 还是-,很强,1.0
感觉,和 清爽 的+,干爽,1.0
洗发水,的 气味 是-,很好,1.0
选择,还是+,最好,1.0
控油,洗完 头 后 特别-,清爽,1.0
泡沫,细腻-,丰富,6.0
只能,说 头发 多 的 姐妹 们 也 要-,慎重,1.0
洗完,之后 香香的 还 非常 的-,蓬松,1.0
商品,气味 洗发水 很-,香,1.0
产品,的 一款+,很好,1.0
头发,头皮 很-,舒服,1.0
追评,使用 过后 效果-,明显,1.0
追评,真的 超级-,好,2.0
追评,一直 在 尝试 各种 控油-,蓬松,1.0
发质,不光 干枯-,毛躁,1.0
喜欢,头发 很-,柔顺,1.0
洗完,之后 头发 非常 的-,蓬松,1.0
洗发水,闻 着 很-,清新,1.0
花香调,让 我 整天 都 沉浸 在-,愉悦,1.0
不用,直接 洗完 就 超级-,柔顺,1.0
头皮,感觉 非常-,清爽,4.0
香味,也 很-,不错,1.0
洗完,了 很-,柔顺,1.0
性价比,也-,不错,1.0
控油,效果 也 是 非常-,好,1.0
洗发水,挺-,香,1.0
头发,轻盈 又-,蓬松,2.0
商品,气味-,香,1.0
头发,不会-,干燥,2.0
头皮,地 去除+,有效,2.0
气味,很棒 价格 也 很-,合适,1.0
追评,洗发水 用 的 效果 非常-,好,1.0
洗发水,的 控油 能力-,确实,1.0
管好,就-,好,1.0
按摩,的 泡泡 在 头皮 上+,细腻,1.0
持续时间,也 很-,长,1.0
控油,洗发水 真的 非常-,好,1.0
头皮,超级-,清爽,1.0
喜欢,他家 这个 控油 的 效果 是 真的-,好,1.0
洗完,后 很-,柔顺,1.0
油腻,、 有 多-,蓬松,1.0
效果,还是 很-,不错,2.0
追评,容量-,很大,1.0
洗发水,感觉-,挺好用,1.0
想要,是 我+,确实,1.0
活动,性价比-,高,1.0
洗完,头发 很 顺滑-,清爽,1.0
感觉,没有 这个 效果-,好,1.0
头皮,也 变得-,蓬松,1.0
物流,还 特别-,快,1.0
气味,气味 非常-,好,1.0
控油,效果 真的-,不错,2.0
介绍,的 还-,不错,1.0
感觉,突然-,轻松,1.0
头发,变得-,干燥,2.0
头皮,洗 得-,干净,1.0
洗发露,发质 的+,不同,1.0
洗发水,用 完 之后 要-,蓬松,1.0
头发,很 好闻 洗完 之后+,香,1.0
洗完,头发 都 觉得 心情-,愉悦,1.0
油头,洗完 之后 头发 真的 很-,蓬松,1.0
味道,也 挺-,好,1.0
头发,清爽 又-,柔顺,1.0
控油,洗发水 成为 我们 家 的-,新宠,1.0
到货,时 包装-,严实,1.0
产品,的+,便宜,1.0
洗完,头皮-,清爽,1.0
试用装,还 送 了+,不错,1.0
姐妹,油头 的+,大,3.0
满意,的 很+,好,1.0
追评,发货 速度-,快,1.0
洗发水,一如既往 的-,好,1.0
头发,就 没有 支棱 起来 过来 现在 头发 都 是-,蓬松,1.0
商品,气味 气味 很-,好,1.0
推荐,我 洗发水 确实-,好,1.0
感觉,没有 那么-,容易,1.0
头发,很-,柔顺,28.0
发货,速度-,快,8.0
